date,day_of_week,is_weekend,weather,is_festival,has_promotion,dish_name,category,prepared_qty,sold_qty,wasted_qty,cost_per_unit,waste_cost
2025-01-01,Wednesday,False,cloudy,False,False,Paneer Butter Masala,main,45.5,43.7,1.8,120,212.37
2025-01-01,Wednesday,False,cloudy,False,False,Chicken Biryani,main,66.4,62.4,4.0,150,593.2
2025-01-01,Wednesday,False,cloudy,False,False,Veg Salad Bowl,starter,29.2,26.9,2.3,60,139.04
2025-01-01,Wednesday,False,cloudy,False,False,Fish Curry,main,24.9,22.1,2.7,180,492.96
2025-01-01,Wednesday,False,cloudy,False,False,Dal Tadka,main,45.0,44.7,0.2,70,15.39
2025-01-01,Wednesday,False,cloudy,False,False,Butter Naan,bread,81.5,73.5,8.0,20,159.83
2025-01-01,Wednesday,False,cloudy,False,False,Gulab Jamun,dessert,34.4,34.4,0.0,40,0.0
2025-01-01,Wednesday,False,cloudy,False,False,Tomato Soup,starter,29.2,26.8,2.4,45,108.01
2025-01-01,Wednesday,False,cloudy,False,False,Mutton Rogan Josh,main,22.2,20.9,1.3,220,293.99
2025-01-01,Wednesday,False,cloudy,False,False,Fresh Fruit Custard,dessert,28.7,23.1,5.6,55,307.46
2025-01-02,Thursday,False,hot,False,False,Paneer Butter Masala,main,39.2,36.1,3.1,120,372.5
2025-01-02,Thursday,False,hot,False,False,Chicken Biryani,main,63.4,62.5,1.0,150,146.66
2025-01-02,Thursday,False,hot,False,False,Veg Salad Bowl,starter,27.0,27.0,0.0,60,0.0
2025-01-02,Thursday,False,hot,False,False,Fish Curry,main,30.0,27.0,3.0,180,545.45
2025-01-02,Thursday,False,hot,False,False,Dal Tadka,main,47.9,47.9,0.0,70,0.0
2025-01-02,Thursday,False,hot,False,False,Butter Naan,bread,83.8,82.2,1.6,20,31.95
2025-01-02,Thursday,False,hot,False,False,Gulab Jamun,dessert,39.6,35.9,3.7,40,146.27
2025-01-02,Thursday,False,hot,False,False,Tomato Soup,starter,31.7,28.8,2.9,45,131.65
2025-01-02,Thursday,False,hot,False,False,Mutton Rogan Josh,main,21.2,20.2,1.1,220,238.74
2025-01-02,Thursday,False,hot,False,False,Fresh Fruit Custard,dessert,23.7,23.7,0.0,55,0.0
2025-01-03,Friday,False,rainy,False,False,Paneer Butter Masala,main,36.4,31.4,5.0,120,598.67
2025-01-03,Friday,False,rainy,False,False,Chicken Biryani,main,60.3,55.1,5.2,150,774.22
2025-01-03,Friday,False,rainy,False,False,Veg Salad Bowl,starter,29.7,28.5,1.2,60,73.04
2025-01-03,Friday,False,rainy,False,False,Fish Curry,main,24.8,20.4,4.4,180,791.62
2025-01-03,Friday,False,rainy,False,False,Dal Tadka,main,50.6,40.9,9.7,70,677.98
2025-01-03,Friday,False,rainy,False,False,Butter Naan,bread,84.0,74.5,9.5,20,190.11
2025-01-03,Friday,False,rainy,False,False,Gulab Jamun,dessert,35.4,28.1,7.3,40,293.35
2025-01-03,Friday,False,rainy,False,False,Tomato Soup,starter,25.0,23.3,1.7,45,76.43
2025-01-03,Friday,False,rainy,False,False,Mutton Rogan Josh,main,16.1,14.7,1.4,220,301.18
2025-01-03,Friday,False,rainy,False,False,Fresh Fruit Custard,dessert,24.3,19.8,4.4,55,243.9
2025-01-04,Saturday,True,cloudy,False,False,Paneer Butter Masala,main,68.5,55.0,13.4,120,1613.22
2025-01-04,Saturday,True,cloudy,False,False,Chicken Biryani,main,87.1,71.5,15.6,150,2337.17
2025-01-04,Saturday,True,cloudy,False,False,Veg Salad Bowl,starter,43.6,37.3,6.3,60,380.29
2025-01-04,Saturday,True,cloudy,False,False,Fish Curry,main,34.9,32.2,2.7,180,493.88
2025-01-04,Saturday,True,cloudy,False,False,Dal Tadka,main,72.4,64.3,8.1,70,567.41
2025-01-04,Saturday,True,cloudy,False,False,Butter Naan,bread,130.3,108.2,22.1,20,442.63
2025-01-04,Saturday,True,cloudy,False,False,Gulab Jamun,dessert,61.9,49.8,12.1,40,483.51
2025-01-04,Saturday,True,cloudy,False,False,Tomato Soup,starter,43.1,37.4,5.8,45,259.75
2025-01-04,Saturday,True,cloudy,False,False,Mutton Rogan Josh,main,27.3,26.7,0.6,220,121.87
2025-01-04,Saturday,True,cloudy,False,False,Fresh Fruit Custard,dessert,26.6,24.5,2.0,55,110.64
2025-01-05,Sunday,True,hot,False,False,Paneer Butter Masala,main,55.3,48.1,7.2,120,861.48
2025-01-05,Sunday,True,hot,False,False,Chicken Biryani,main,98.0,85.8,12.1,150,1821.8
2025-01-05,Sunday,True,hot,False,False,Veg Salad Bowl,starter,49.2,44.1,5.1,60,304.18
2025-01-05,Sunday,True,hot,False,False,Fish Curry,main,36.5,32.9,3.6,180,644.65
2025-01-05,Sunday,True,hot,False,False,Dal Tadka,main,72.8,58.3,14.5,70,1014.38
2025-01-05,Sunday,True,hot,False,False,Butter Naan,bread,102.8,85.6,17.1,20,342.99
2025-01-05,Sunday,True,hot,False,False,Gulab Jamun,dessert,54.6,48.6,6.0,40,240.88
2025-01-05,Sunday,True,hot,False,False,Tomato Soup,starter,37.5,31.2,6.3,45,283.83
2025-01-05,Sunday,True,hot,False,False,Mutton Rogan Josh,main,30.4,25.3,5.1,220,1123.44
2025-01-05,Sunday,True,hot,False,False,Fresh Fruit Custard,dessert,40.6,29.8,10.9,55,597.88
2025-01-06,Monday,False,cloudy,False,True,Paneer Butter Masala,main,64.2,51.1,13.1,120,1573.55
2025-01-06,Monday,False,cloudy,False,True,Chicken Biryani,main,104.5,80.0,24.5,150,3680.4
2025-01-06,Monday,False,cloudy,False,True,Veg Salad Bowl,starter,54.8,39.1,15.7,60,943.04
2025-01-06,Monday,False,cloudy,False,True,Fish Curry,main,31.8,26.8,5.0,180,897.12
2025-01-06,Monday,False,cloudy,False,True,Dal Tadka,main,59.1,50.0,9.1,70,636.79
2025-01-06,Monday,False,cloudy,False,True,Butter Naan,bread,106.1,83.5,22.7,20,453.27
2025-01-06,Monday,False,cloudy,False,True,Gulab Jamun,dessert,46.2,42.6,3.6,40,145.25
2025-01-06,Monday,False,cloudy,False,True,Tomato Soup,starter,39.2,30.7,8.5,45,382.04
2025-01-06,Monday,False,cloudy,False,True,Mutton Rogan Josh,main,39.2,27.5,11.7,220,2581.54
2025-01-06,Monday,False,cloudy,False,True,Fresh Fruit Custard,dessert,48.3,37.1,11.2,55,616.03
2025-01-07,Tuesday,False,cloudy,False,False,Paneer Butter Masala,main,41.3,41.3,0.0,120,0.0
2025-01-07,Tuesday,False,cloudy,False,False,Chicken Biryani,main,52.3,52.3,0.0,150,0.0
2025-01-07,Tuesday,False,cloudy,False,False,Veg Salad Bowl,starter,33.8,29.5,4.3,60,256.54
2025-01-07,Tuesday,False,cloudy,False,False,Fish Curry,main,26.4,25.5,0.9,180,168.15
2025-01-07,Tuesday,False,cloudy,False,False,Dal Tadka,main,39.4,39.4,0.0,70,0.0
2025-01-07,Tuesday,False,cloudy,False,False,Butter Naan,bread,75.8,75.3,0.4,20,8.52
2025-01-07,Tuesday,False,cloudy,False,False,Gulab Jamun,dessert,44.2,42.4,1.7,40,69.13
2025-01-07,Tuesday,False,cloudy,False,False,Tomato Soup,starter,31.4,31.3,0.1,45,4.59
2025-01-07,Tuesday,False,cloudy,False,False,Mutton Rogan Josh,main,17.2,17.2,0.0,220,0.0
2025-01-07,Tuesday,False,cloudy,False,False,Fresh Fruit Custard,dessert,24.9,20.1,4.8,55,265.67
2025-01-08,Wednesday,False,rainy,False,False,Paneer Butter Masala,main,38.6,30.3,8.3,120,994.29
2025-01-08,Wednesday,False,rainy,False,False,Chicken Biryani,main,56.7,48.9,7.8,150,1175.85
2025-01-08,Wednesday,False,rainy,False,False,Veg Salad Bowl,starter,29.0,25.4,3.6,60,216.01
2025-01-08,Wednesday,False,rainy,False,False,Fish Curry,main,25.9,22.4,3.5,180,629.94
2025-01-08,Wednesday,False,rainy,False,False,Dal Tadka,main,34.3,32.6,1.6,70,115.06
2025-01-08,Wednesday,False,rainy,False,False,Butter Naan,bread,90.7,69.4,21.3,20,425.53
2025-01-08,Wednesday,False,rainy,False,False,Gulab Jamun,dessert,35.4,30.3,5.1,40,204.73
2025-01-08,Wednesday,False,rainy,False,False,Tomato Soup,starter,32.5,24.6,7.9,45,354.31
2025-01-08,Wednesday,False,rainy,False,False,Mutton Rogan Josh,main,19.9,17.4,2.5,220,542.02
2025-01-08,Wednesday,False,rainy,False,False,Fresh Fruit Custard,dessert,26.5,21.2,5.3,55,293.01
2025-01-09,Thursday,False,rainy,False,False,Paneer Butter Masala,main,30.6,29.0,1.6,120,192.47
2025-01-09,Thursday,False,rainy,False,False,Chicken Biryani,main,74.9,56.0,18.9,150,2831.6
2025-01-09,Thursday,False,rainy,False,False,Veg Salad Bowl,starter,29.1,25.0,4.2,60,251.59
2025-01-09,Thursday,False,rainy,False,False,Fish Curry,main,27.3,25.0,2.3,180,421.36
2025-01-09,Thursday,False,rainy,False,False,Dal Tadka,main,42.0,34.1,7.9,70,550.22
2025-01-09,Thursday,False,rainy,False,False,Butter Naan,bread,75.1,64.8,10.3,20,206.68
2025-01-09,Thursday,False,rainy,False,False,Gulab Jamun,dessert,35.3,29.2,6.2,40,247.18
2025-01-09,Thursday,False,rainy,False,False,Tomato Soup,starter,33.5,27.8,5.7,45,254.96
2025-01-09,Thursday,False,rainy,False,False,Mutton Rogan Josh,main,18.3,18.3,0.0,220,0.0
2025-01-09,Thursday,False,rainy,False,False,Fresh Fruit Custard,dessert,21.0,18.6,2.4,55,131.26
2025-01-10,Friday,False,cloudy,False,False,Paneer Butter Masala,main,42.7,38.4,4.3,120,510.69
2025-01-10,Friday,False,cloudy,False,False,Chicken Biryani,main,47.5,46.2,1.3,150,190.85
2025-01-10,Friday,False,cloudy,False,False,Veg Salad Bowl,starter,29.0,28.3,0.8,60,46.36
2025-01-10,Friday,False,cloudy,False,False,Fish Curry,main,30.7,28.0,2.7,180,479.96
2025-01-10,Friday,False,cloudy,False,False,Dal Tadka,main,52.6,52.2,0.4,70,27.02
2025-01-10,Friday,False,cloudy,False,False,Butter Naan,bread,73.3,73.3,0.0,20,0.0
2025-01-10,Friday,False,cloudy,False,False,Gulab Jamun,dessert,37.6,36.0,1.6,40,64.18
2025-01-10,Friday,False,cloudy,False,False,Tomato Soup,starter,25.6,24.4,1.3,45,57.61
2025-01-10,Friday,False,cloudy,False,False,Mutton Rogan Josh,main,25.4,20.5,4.9,220,1073.35
2025-01-10,Friday,False,cloudy,False,False,Fresh Fruit Custard,dessert,27.0,27.0,0.0,55,0.0
2025-01-11,Saturday,True,rainy,False,False,Paneer Butter Masala,main,58.4,42.6,15.7,120,1886.88
2025-01-11,Saturday,True,rainy,False,False,Chicken Biryani,main,90.1,72.2,17.9,150,2684.45
2025-01-11,Saturday,True,rainy,False,False,Veg Salad Bowl,starter,35.6,31.7,3.9,60,232.66
2025-01-11,Saturday,True,rainy,False,False,Fish Curry,main,34.7,28.1,6.6,180,1191.11
2025-01-11,Saturday,True,rainy,False,False,Dal Tadka,main,59.4,48.4,11.0,70,769.76
2025-01-11,Saturday,True,rainy,False,False,Butter Naan,bread,102.2,90.8,11.4,20,228.34
2025-01-11,Saturday,True,rainy,False,False,Gulab Jamun,dessert,51.5,33.1,18.4,40,736.7
2025-01-11,Saturday,True,rainy,False,False,Tomato Soup,starter,33.3,27.2,6.2,45,277.49
2025-01-11,Saturday,True,rainy,False,False,Mutton Rogan Josh,main,45.9,28.0,17.9,220,3938.1
2025-01-11,Saturday,True,rainy,False,False,Fresh Fruit Custard,dessert,28.6,21.7,6.9,55,381.77
2025-01-12,Sunday,True,clear,False,False,Paneer Butter Masala,main,55.3,47.6,7.7,120,924.0
2025-01-12,Sunday,True,clear,False,False,Chicken Biryani,main,98.7,81.2,17.5,150,2628.5
2025-01-12,Sunday,True,clear,False,False,Veg Salad Bowl,starter,46.1,38.7,7.4,60,445.73
2025-01-12,Sunday,True,clear,False,False,Fish Curry,main,33.2,28.2,5.0,180,898.55
2025-01-12,Sunday,True,clear,False,False,Dal Tadka,main,70.1,58.8,11.3,70,789.27
2025-01-12,Sunday,True,clear,False,False,Butter Naan,bread,121.3,100.8,20.5,20,410.79
2025-01-12,Sunday,True,clear,False,False,Gulab Jamun,dessert,63.3,53.0,10.3,40,412.64
2025-01-12,Sunday,True,clear,False,False,Tomato Soup,starter,47.3,39.4,7.9,45,354.7
2025-01-12,Sunday,True,clear,False,False,Mutton Rogan Josh,main,30.0,27.0,3.0,220,664.6
2025-01-12,Sunday,True,clear,False,False,Fresh Fruit Custard,dessert,37.0,30.8,6.2,55,340.1
2025-01-13,Monday,False,clear,False,False,Paneer Butter Masala,main,41.9,41.9,0.0,120,0.0
2025-01-13,Monday,False,clear,False,False,Chicken Biryani,main,53.5,47.7,5.8,150,876.96
2025-01-13,Monday,False,clear,False,False,Veg Salad Bowl,starter,33.9,30.9,3.0,60,177.36
2025-01-13,Monday,False,clear,False,False,Fish Curry,main,22.3,19.8,2.5,180,455.08
2025-01-13,Monday,False,clear,False,False,Dal Tadka,main,47.5,47.5,0.0,70,0.0
2025-01-13,Monday,False,clear,False,False,Butter Naan,bread,77.8,75.5,2.4,20,47.26
2025-01-13,Monday,False,clear,False,False,Gulab Jamun,dessert,35.4,35.2,0.2,40,8.35
2025-01-13,Monday,False,clear,False,False,Tomato Soup,starter,28.3,27.7,0.7,45,29.78
2025-01-13,Monday,False,clear,False,False,Mutton Rogan Josh,main,23.4,20.4,3.1,220,677.69
2025-01-13,Monday,False,clear,False,False,Fresh Fruit Custard,dessert,15.8,15.2,0.6,55,33.42
2025-01-14,Tuesday,False,cloudy,False,False,Paneer Butter Masala,main,38.2,38.2,0.0,120,0.0
2025-01-14,Tuesday,False,cloudy,False,False,Chicken Biryani,main,66.7,57.2,9.5,150,1428.91
2025-01-14,Tuesday,False,cloudy,False,False,Veg Salad Bowl,starter,27.6,24.5,3.1,60,187.86
2025-01-14,Tuesday,False,cloudy,False,False,Fish Curry,main,25.1,24.0,1.1,180,193.86
2025-01-14,Tuesday,False,cloudy,False,False,Dal Tadka,main,39.3,39.3,0.0,70,0.0
2025-01-14,Tuesday,False,cloudy,False,False,Butter Naan,bread,97.8,92.5,5.3,20,105.57
2025-01-14,Tuesday,False,cloudy,False,False,Gulab Jamun,dessert,47.6,42.3,5.4,40,214.79
2025-01-14,Tuesday,False,cloudy,False,False,Tomato Soup,starter,35.1,29.5,5.6,45,253.07
2025-01-14,Tuesday,False,cloudy,False,False,Mutton Rogan Josh,main,23.1,21.1,2.1,220,454.96
2025-01-14,Tuesday,False,cloudy,False,False,Fresh Fruit Custard,dessert,22.6,21.2,1.4,55,76.6
2025-01-15,Wednesday,False,clear,False,False,Paneer Butter Masala,main,37.8,34.3,3.4,120,411.22
2025-01-15,Wednesday,False,clear,False,False,Chicken Biryani,main,60.2,53.7,6.5,150,975.75
2025-01-15,Wednesday,False,clear,False,False,Veg Salad Bowl,starter,39.5,32.7,6.8,60,409.44
2025-01-15,Wednesday,False,clear,False,False,Fish Curry,main,27.2,27.2,0.0,180,0.0
2025-01-15,Wednesday,False,clear,False,False,Dal Tadka,main,44.6,44.6,0.0,70,0.0
2025-01-15,Wednesday,False,clear,False,False,Butter Naan,bread,84.9,75.0,9.9,20,198.23
2025-01-15,Wednesday,False,clear,False,False,Gulab Jamun,dessert,37.7,37.7,0.0,40,0.0
2025-01-15,Wednesday,False,clear,False,False,Tomato Soup,starter,25.8,24.6,1.2,45,52.84
2025-01-15,Wednesday,False,clear,False,False,Mutton Rogan Josh,main,17.1,17.1,0.0,220,0.0
2025-01-15,Wednesday,False,clear,False,False,Fresh Fruit Custard,dessert,26.4,22.8,3.6,55,198.3
2025-01-16,Thursday,False,cloudy,False,False,Paneer Butter Masala,main,43.2,41.5,1.7,120,203.81
2025-01-16,Thursday,False,cloudy,False,False,Chicken Biryani,main,66.8,57.7,9.1,150,1364.16
2025-01-16,Thursday,False,cloudy,False,False,Veg Salad Bowl,starter,22.7,22.6,0.1,60,6.92
2025-01-16,Thursday,False,cloudy,False,False,Fish Curry,main,26.8,26.8,0.0,180,0.0
2025-01-16,Thursday,False,cloudy,False,False,Dal Tadka,main,55.6,53.0,2.7,70,185.61
2025-01-16,Thursday,False,cloudy,False,False,Butter Naan,bread,88.1,88.1,0.0,20,0.0
2025-01-16,Thursday,False,cloudy,False,False,Gulab Jamun,dessert,43.0,38.4,4.5,40,181.4
2025-01-16,Thursday,False,cloudy,False,False,Tomato Soup,starter,30.6,28.8,1.9,45,83.67
2025-01-16,Thursday,False,cloudy,False,False,Mutton Rogan Josh,main,20.6,20.6,0.0,220,0.0
2025-01-16,Thursday,False,cloudy,False,False,Fresh Fruit Custard,dessert,22.6,21.6,1.0,55,55.94
2025-01-17,Friday,False,clear,False,False,Paneer Butter Masala,main,35.8,34.9,0.9,120,103.29
2025-01-17,Friday,False,clear,False,False,Chicken Biryani,main,64.8,64.8,0.0,150,0.0
2025-01-17,Friday,False,clear,False,False,Veg Salad Bowl,starter,29.0,27.0,1.9,60,116.93
2025-01-17,Friday,False,clear,False,False,Fish Curry,main,28.9,27.5,1.4,180,252.56
2025-01-17,Friday,False,clear,False,False,Dal Tadka,main,56.9,52.2,4.7,70,328.4
2025-01-17,Friday,False,clear,False,False,Butter Naan,bread,92.9,88.1,4.8,20,96.49
2025-01-17,Friday,False,clear,False,False,Gulab Jamun,dessert,45.4,44.8,0.6,40,23.45
2025-01-17,Friday,False,clear,False,False,Tomato Soup,starter,25.1,21.3,3.8,45,171.43
2025-01-17,Friday,False,clear,False,False,Mutton Rogan Josh,main,19.6,18.9,0.7,220,161.71
2025-01-17,Friday,False,clear,False,False,Fresh Fruit Custard,dessert,25.5,25.5,0.0,55,0.0
2025-01-18,Saturday,True,clear,False,False,Paneer Butter Masala,main,59.9,48.9,11.1,120,1328.89
2025-01-18,Saturday,True,clear,False,False,Chicken Biryani,main,94.8,78.9,15.9,150,2379.1
2025-01-18,Saturday,True,clear,False,False,Veg Salad Bowl,starter,33.6,33.6,0.0,60,0.0
2025-01-18,Saturday,True,clear,False,False,Fish Curry,main,39.2,34.0,5.3,180,945.99
2025-01-18,Saturday,True,clear,False,False,Dal Tadka,main,79.2,64.1,15.1,70,1057.58
2025-01-18,Saturday,True,clear,False,False,Butter Naan,bread,135.1,109.8,25.3,20,506.23
2025-01-18,Saturday,True,clear,False,False,Gulab Jamun,dessert,59.7,48.5,11.2,40,446.73
2025-01-18,Saturday,True,clear,False,False,Tomato Soup,starter,40.8,34.6,6.2,45,276.91
2025-01-18,Saturday,True,clear,False,False,Mutton Rogan Josh,main,34.8,27.6,7.1,220,1565.41
2025-01-18,Saturday,True,clear,False,False,Fresh Fruit Custard,dessert,35.7,28.3,7.4,55,405.34
2025-01-19,Sunday,True,clear,False,True,Paneer Butter Masala,main,86.4,74.2,12.2,120,1462.14
2025-01-19,Sunday,True,clear,False,True,Chicken Biryani,main,95.0,78.4,16.6,150,2491.79
2025-01-19,Sunday,True,clear,False,True,Veg Salad Bowl,starter,48.4,36.4,12.0,60,718.97
2025-01-19,Sunday,True,clear,False,True,Fish Curry,main,62.9,46.0,16.9,180,3046.58
2025-01-19,Sunday,True,clear,False,True,Dal Tadka,main,115.8,77.7,38.0,70,2663.09
2025-01-19,Sunday,True,clear,False,True,Butter Naan,bread,211.7,156.5,55.2,20,1103.32
2025-01-19,Sunday,True,clear,False,True,Gulab Jamun,dessert,95.4,68.7,26.8,40,1071.5
2025-01-19,Sunday,True,clear,False,True,Tomato Soup,starter,56.5,42.5,14.0,45,628.6
2025-01-19,Sunday,True,clear,False,True,Mutton Rogan Josh,main,35.6,27.8,7.8,220,1721.54
2025-01-19,Sunday,True,clear,False,True,Fresh Fruit Custard,dessert,53.3,35.5,17.8,55,978.34
2025-01-20,Monday,False,hot,False,False,Paneer Butter Masala,main,41.9,41.9,0.0,120,0.0
2025-01-20,Monday,False,hot,False,False,Chicken Biryani,main,59.0,58.1,0.8,150,124.27
2025-01-20,Monday,False,hot,False,False,Veg Salad Bowl,starter,26.5,23.4,3.1,60,187.29
2025-01-20,Monday,False,hot,False,False,Fish Curry,main,23.3,23.2,0.1,180,21.5
2025-01-20,Monday,False,hot,False,False,Dal Tadka,main,39.2,39.2,0.0,70,0.0
2025-01-20,Monday,False,hot,False,False,Butter Naan,bread,84.1,84.1,0.0,20,0.0
2025-01-20,Monday,False,hot,False,False,Gulab Jamun,dessert,38.6,36.4,2.2,40,87.05
2025-01-20,Monday,False,hot,False,False,Tomato Soup,starter,33.0,32.4,0.5,45,23.86
2025-01-20,Monday,False,hot,False,False,Mutton Rogan Josh,main,18.4,16.5,1.9,220,426.97
2025-01-20,Monday,False,hot,False,False,Fresh Fruit Custard,dessert,24.4,21.1,3.3,55,179.53
2025-01-21,Tuesday,False,clear,False,False,Paneer Butter Masala,main,49.9,41.7,8.2,120,982.9
2025-01-21,Tuesday,False,clear,False,False,Chicken Biryani,main,70.8,68.7,2.1,150,316.29
2025-01-21,Tuesday,False,clear,False,False,Veg Salad Bowl,starter,35.0,30.6,4.5,60,267.55
2025-01-21,Tuesday,False,clear,False,False,Fish Curry,main,24.2,22.5,1.8,180,315.29
2025-01-21,Tuesday,False,clear,False,False,Dal Tadka,main,46.9,44.9,2.0,70,143.24
2025-01-21,Tuesday,False,clear,False,False,Butter Naan,bread,72.0,72.0,0.0,20,0.0
2025-01-21,Tuesday,False,clear,False,False,Gulab Jamun,dessert,26.3,26.3,0.0,40,0.0
2025-01-21,Tuesday,False,clear,False,False,Tomato Soup,starter,27.0,26.5,0.5,45,24.4
2025-01-21,Tuesday,False,clear,False,False,Mutton Rogan Josh,main,27.6,24.6,3.0,220,656.89
2025-01-21,Tuesday,False,clear,False,False,Fresh Fruit Custard,dessert,21.2,19.5,1.7,55,95.78
2025-01-22,Wednesday,False,rainy,False,False,Paneer Butter Masala,main,43.2,34.8,8.5,120,1016.4
2025-01-22,Wednesday,False,rainy,False,False,Chicken Biryani,main,57.2,44.8,12.3,150,1849.94
2025-01-22,Wednesday,False,rainy,False,False,Veg Salad Bowl,starter,26.5,22.0,4.5,60,271.48
2025-01-22,Wednesday,False,rainy,False,False,Fish Curry,main,34.0,27.9,6.2,180,1110.92
2025-01-22,Wednesday,False,rainy,False,False,Dal Tadka,main,52.8,44.8,8.0,70,560.34
2025-01-22,Wednesday,False,rainy,False,False,Butter Naan,bread,84.0,72.7,11.3,20,225.1
2025-01-22,Wednesday,False,rainy,False,False,Gulab Jamun,dessert,32.2,29.1,3.1,40,124.05
2025-01-22,Wednesday,False,rainy,False,False,Tomato Soup,starter,27.9,25.0,2.8,45,127.94
2025-01-22,Wednesday,False,rainy,False,False,Mutton Rogan Josh,main,23.5,18.4,5.2,220,1140.74
2025-01-22,Wednesday,False,rainy,False,False,Fresh Fruit Custard,dessert,23.1,19.5,3.6,55,195.73
2025-01-23,Thursday,False,clear,False,False,Paneer Butter Masala,main,44.5,44.5,0.0,120,0.0
2025-01-23,Thursday,False,clear,False,False,Chicken Biryani,main,52.8,52.8,0.0,150,0.0
2025-01-23,Thursday,False,clear,False,False,Veg Salad Bowl,starter,28.8,24.6,4.2,60,251.26
2025-01-23,Thursday,False,clear,False,False,Fish Curry,main,27.7,27.7,0.0,180,0.0
2025-01-23,Thursday,False,clear,False,False,Dal Tadka,main,36.9,36.9,0.0,70,0.0
2025-01-23,Thursday,False,clear,False,False,Butter Naan,bread,90.2,74.8,15.4,20,307.46
2025-01-23,Thursday,False,clear,False,False,Gulab Jamun,dessert,36.8,36.8,0.0,40,0.0
2025-01-23,Thursday,False,clear,False,False,Tomato Soup,starter,29.6,29.6,0.0,45,0.0
2025-01-23,Thursday,False,clear,False,False,Mutton Rogan Josh,main,20.0,19.3,0.7,220,162.07
2025-01-23,Thursday,False,clear,False,False,Fresh Fruit Custard,dessert,24.5,21.8,2.8,55,152.15
2025-01-24,Friday,False,cloudy,True,False,Paneer Butter Masala,main,84.0,58.7,25.3,120,3035.85
2025-01-24,Friday,False,cloudy,True,False,Chicken Biryani,main,128.6,105.2,23.4,150,3505.8
2025-01-24,Friday,False,cloudy,True,False,Veg Salad Bowl,starter,64.3,42.9,21.4,60,1286.09
2025-01-24,Friday,False,cloudy,True,False,Fish Curry,main,58.7,39.1,19.6,180,3528.68
2025-01-24,Friday,False,cloudy,True,False,Dal Tadka,main,100.5,68.2,32.3,70,2260.44
2025-01-24,Friday,False,cloudy,True,False,Butter Naan,bread,173.8,130.0,43.8,20,876.49
2025-01-24,Friday,False,cloudy,True,False,Gulab Jamun,dessert,85.9,66.5,19.4,40,775.58
2025-01-24,Friday,False,cloudy,True,False,Tomato Soup,starter,51.5,39.7,11.8,45,530.66
2025-01-24,Friday,False,cloudy,True,False,Mutton Rogan Josh,main,39.2,33.7,5.5,220,1212.8
2025-01-24,Friday,False,cloudy,True,False,Fresh Fruit Custard,dessert,49.3,37.9,11.4,55,628.11
2025-01-25,Saturday,True,cloudy,False,False,Paneer Butter Masala,main,50.1,48.9,1.2,120,147.43
2025-01-25,Saturday,True,cloudy,False,False,Chicken Biryani,main,80.2,66.9,13.3,150,1989.4
2025-01-25,Saturday,True,cloudy,False,False,Veg Salad Bowl,starter,46.8,39.6,7.2,60,429.36
2025-01-25,Saturday,True,cloudy,False,False,Fish Curry,main,40.4,33.1,7.3,180,1308.14
2025-01-25,Saturday,True,cloudy,False,False,Dal Tadka,main,66.0,53.4,12.6,70,882.73
2025-01-25,Saturday,True,cloudy,False,False,Butter Naan,bread,139.4,116.6,22.8,20,456.4
2025-01-25,Saturday,True,cloudy,False,False,Gulab Jamun,dessert,60.9,50.4,10.5,40,419.34
2025-01-25,Saturday,True,cloudy,False,False,Tomato Soup,starter,55.8,47.0,8.8,45,395.08
2025-01-25,Saturday,True,cloudy,False,False,Mutton Rogan Josh,main,28.8,26.0,2.8,220,622.84
2025-01-25,Saturday,True,cloudy,False,False,Fresh Fruit Custard,dessert,28.4,26.0,2.3,55,128.14
2025-01-26,Sunday,True,cloudy,False,False,Paneer Butter Masala,main,56.8,48.2,8.6,120,1032.15
2025-01-26,Sunday,True,cloudy,False,False,Chicken Biryani,main,91.1,77.2,13.9,150,2082.94
2025-01-26,Sunday,True,cloudy,False,False,Veg Salad Bowl,starter,47.5,36.8,10.7,60,643.89
2025-01-26,Sunday,True,cloudy,False,False,Fish Curry,main,43.5,36.7,6.8,180,1221.44
2025-01-26,Sunday,True,cloudy,False,False,Dal Tadka,main,68.4,56.0,12.4,70,867.47
2025-01-26,Sunday,True,cloudy,False,False,Butter Naan,bread,113.3,110.4,2.8,20,56.57
2025-01-26,Sunday,True,cloudy,False,False,Gulab Jamun,dessert,56.5,46.9,9.6,40,383.79
2025-01-26,Sunday,True,cloudy,False,False,Tomato Soup,starter,40.9,33.7,7.2,45,323.42
2025-01-26,Sunday,True,cloudy,False,False,Mutton Rogan Josh,main,29.1,22.3,6.8,220,1500.99
2025-01-26,Sunday,True,cloudy,False,False,Fresh Fruit Custard,dessert,40.5,34.1,6.3,55,348.5
2025-01-27,Monday,False,hot,False,False,Paneer Butter Masala,main,34.8,34.4,0.4,120,44.13
2025-01-27,Monday,False,hot,False,False,Chicken Biryani,main,51.9,47.9,4.0,150,600.83
2025-01-27,Monday,False,hot,False,False,Veg Salad Bowl,starter,37.2,37.2,0.0,60,0.0
2025-01-27,Monday,False,hot,False,False,Fish Curry,main,24.1,22.5,1.6,180,282.44
2025-01-27,Monday,False,hot,False,False,Dal Tadka,main,53.7,53.7,0.0,70,0.0
2025-01-27,Monday,False,hot,False,False,Butter Naan,bread,95.3,82.4,12.9,20,258.97
2025-01-27,Monday,False,hot,False,False,Gulab Jamun,dessert,28.1,28.1,0.0,40,0.0
2025-01-27,Monday,False,hot,False,False,Tomato Soup,starter,26.6,26.6,0.0,45,1.77
2025-01-27,Monday,False,hot,False,False,Mutton Rogan Josh,main,23.0,22.0,1.1,220,241.03
2025-01-27,Monday,False,hot,False,False,Fresh Fruit Custard,dessert,19.1,17.3,1.8,55,98.76
2025-01-28,Tuesday,False,rainy,False,True,Paneer Butter Masala,main,51.7,39.3,12.4,120,1482.98
2025-01-28,Tuesday,False,rainy,False,True,Chicken Biryani,main,90.8,62.2,28.6,150,4283.96
2025-01-28,Tuesday,False,rainy,False,True,Veg Salad Bowl,starter,40.8,33.6,7.2,60,434.38
2025-01-28,Tuesday,False,rainy,False,True,Fish Curry,main,36.3,28.3,8.0,180,1446.35
2025-01-28,Tuesday,False,rainy,False,True,Dal Tadka,main,59.7,49.2,10.5,70,736.31
2025-01-28,Tuesday,False,rainy,False,True,Butter Naan,bread,113.9,89.6,24.4,20,487.6
2025-01-28,Tuesday,False,rainy,False,True,Gulab Jamun,dessert,45.9,31.5,14.4,40,577.43
2025-01-28,Tuesday,False,rainy,False,True,Tomato Soup,starter,40.6,30.6,10.0,45,449.75
2025-01-28,Tuesday,False,rainy,False,True,Mutton Rogan Josh,main,33.2,25.0,8.3,220,1818.83
2025-01-28,Tuesday,False,rainy,False,True,Fresh Fruit Custard,dessert,33.8,23.5,10.3,55,568.28
2025-01-29,Wednesday,False,cloudy,False,True,Paneer Butter Masala,main,55.9,46.8,9.1,120,1091.34
2025-01-29,Wednesday,False,cloudy,False,True,Chicken Biryani,main,89.8,80.0,9.8,150,1476.12
2025-01-29,Wednesday,False,cloudy,False,True,Veg Salad Bowl,starter,37.7,26.6,11.1,60,666.18
2025-01-29,Wednesday,False,cloudy,False,True,Fish Curry,main,49.4,40.8,8.5,180,1538.75
2025-01-29,Wednesday,False,cloudy,False,True,Dal Tadka,main,51.4,43.2,8.2,70,573.33
2025-01-29,Wednesday,False,cloudy,False,True,Butter Naan,bread,115.1,96.6,18.5,20,370.07
2025-01-29,Wednesday,False,cloudy,False,True,Gulab Jamun,dessert,48.8,37.9,10.9,40,435.19
2025-01-29,Wednesday,False,cloudy,False,True,Tomato Soup,starter,40.8,37.2,3.6,45,160.98
2025-01-29,Wednesday,False,cloudy,False,True,Mutton Rogan Josh,main,38.8,27.1,11.7,220,2575.26
2025-01-29,Wednesday,False,cloudy,False,True,Fresh Fruit Custard,dessert,34.4,28.1,6.3,55,348.87
2025-01-30,Thursday,False,clear,False,False,Paneer Butter Masala,main,33.2,31.7,1.5,120,184.88
2025-01-30,Thursday,False,clear,False,False,Chicken Biryani,main,61.7,52.4,9.3,150,1388.07
2025-01-30,Thursday,False,clear,False,False,Veg Salad Bowl,starter,35.1,29.4,5.8,60,345.02
2025-01-30,Thursday,False,clear,False,False,Fish Curry,main,23.8,21.7,2.2,180,387.78
2025-01-30,Thursday,False,clear,False,False,Dal Tadka,main,46.7,46.7,0.0,70,0.0
2025-01-30,Thursday,False,clear,False,False,Butter Naan,bread,90.5,81.7,8.8,20,176.43
2025-01-30,Thursday,False,clear,False,False,Gulab Jamun,dessert,33.6,33.6,0.0,40,0.0
2025-01-30,Thursday,False,clear,False,False,Tomato Soup,starter,27.9,27.9,0.0,45,0.0
2025-01-30,Thursday,False,clear,False,False,Mutton Rogan Josh,main,19.6,19.2,0.4,220,98.21
2025-01-30,Thursday,False,clear,False,False,Fresh Fruit Custard,dessert,17.5,17.5,0.0,55,0.0
2025-01-31,Friday,False,hot,False,False,Paneer Butter Masala,main,30.5,27.7,2.8,120,332.22
2025-01-31,Friday,False,hot,False,False,Chicken Biryani,main,56.8,56.8,0.0,150,0.0
2025-01-31,Friday,False,hot,False,False,Veg Salad Bowl,starter,28.4,25.3,3.2,60,190.27
2025-01-31,Friday,False,hot,False,False,Fish Curry,main,32.6,26.0,6.5,180,1172.81
2025-01-31,Friday,False,hot,False,False,Dal Tadka,main,49.7,47.3,2.4,70,170.86
2025-01-31,Friday,False,hot,False,False,Butter Naan,bread,84.4,78.4,6.0,20,119.16
2025-01-31,Friday,False,hot,False,False,Gulab Jamun,dessert,42.6,37.6,5.0,40,200.38
2025-01-31,Friday,False,hot,False,False,Tomato Soup,starter,26.5,26.2,0.2,45,10.16
2025-01-31,Friday,False,hot,False,False,Mutton Rogan Josh,main,20.6,18.9,1.8,220,394.64
2025-01-31,Friday,False,hot,False,False,Fresh Fruit Custard,dessert,26.5,26.0,0.5,55,30.11
2025-02-01,Saturday,True,hot,False,False,Paneer Butter Masala,main,66.8,52.4,14.4,120,1731.05
2025-02-01,Saturday,True,hot,False,False,Chicken Biryani,main,59.5,54.2,5.3,150,790.77
2025-02-01,Saturday,True,hot,False,False,Veg Salad Bowl,starter,36.7,36.7,0.0,60,0.0
2025-02-01,Saturday,True,hot,False,False,Fish Curry,main,33.2,29.8,3.3,180,602.5
2025-02-01,Saturday,True,hot,False,False,Dal Tadka,main,75.5,59.3,16.3,70,1137.79
2025-02-01,Saturday,True,hot,False,False,Butter Naan,bread,111.6,104.8,6.7,20,134.89
2025-02-01,Saturday,True,hot,False,False,Gulab Jamun,dessert,60.0,46.9,13.1,40,523.78
2025-02-01,Saturday,True,hot,False,False,Tomato Soup,starter,37.0,33.4,3.6,45,162.12
2025-02-01,Saturday,True,hot,False,False,Mutton Rogan Josh,main,33.4,28.8,4.6,220,1008.31
2025-02-01,Saturday,True,hot,False,False,Fresh Fruit Custard,dessert,38.7,32.0,6.7,55,367.36
2025-02-02,Sunday,True,clear,False,False,Paneer Butter Masala,main,62.8,53.9,8.9,120,1067.82
2025-02-02,Sunday,True,clear,False,False,Chicken Biryani,main,65.2,63.4,1.8,150,266.66
2025-02-02,Sunday,True,clear,False,False,Veg Salad Bowl,starter,51.3,43.8,7.5,60,450.17
2025-02-02,Sunday,True,clear,False,False,Fish Curry,main,35.3,29.6,5.6,180,1016.74
2025-02-02,Sunday,True,clear,False,False,Dal Tadka,main,69.0,69.0,0.0,70,0.0
2025-02-02,Sunday,True,clear,False,False,Butter Naan,bread,95.2,88.6,6.6,20,131.76
2025-02-02,Sunday,True,clear,False,False,Gulab Jamun,dessert,67.0,55.5,11.5,40,459.11
2025-02-02,Sunday,True,clear,False,False,Tomato Soup,starter,44.8,41.3,3.6,45,159.76
2025-02-02,Sunday,True,clear,False,False,Mutton Rogan Josh,main,28.6,23.4,5.2,220,1142.93
2025-02-02,Sunday,True,clear,False,False,Fresh Fruit Custard,dessert,37.8,29.9,7.9,55,432.81
2025-02-03,Monday,False,clear,False,False,Paneer Butter Masala,main,44.8,40.8,4.1,120,486.17
2025-02-03,Monday,False,clear,False,False,Chicken Biryani,main,60.3,60.3,0.0,150,0.0
2025-02-03,Monday,False,clear,False,False,Veg Salad Bowl,starter,25.0,21.9,3.1,60,183.45
2025-02-03,Monday,False,clear,False,False,Fish Curry,main,28.6,28.6,0.0,180,0.0
2025-02-03,Monday,False,clear,False,False,Dal Tadka,main,35.9,35.0,1.0,70,68.71
2025-02-03,Monday,False,clear,False,False,Butter Naan,bread,102.7,88.9,13.8,20,276.14
2025-02-03,Monday,False,clear,False,False,Gulab Jamun,dessert,37.2,37.2,0.0,40,0.0
2025-02-03,Monday,False,clear,False,False,Tomato Soup,starter,26.1,25.0,1.1,45,51.7
2025-02-03,Monday,False,clear,False,False,Mutton Rogan Josh,main,19.3,19.3,0.0,220,0.0
2025-02-03,Monday,False,clear,False,False,Fresh Fruit Custard,dessert,33.2,27.4,5.8,55,318.65
2025-02-04,Tuesday,False,clear,False,False,Paneer Butter Masala,main,48.0,44.1,3.9,120,465.53
2025-02-04,Tuesday,False,clear,False,False,Chicken Biryani,main,65.3,57.9,7.4,150,1107.5
2025-02-04,Tuesday,False,clear,False,False,Veg Salad Bowl,starter,36.1,32.3,3.8,60,227.54
2025-02-04,Tuesday,False,clear,False,False,Fish Curry,main,29.0,26.9,2.1,180,380.86
2025-02-04,Tuesday,False,clear,False,False,Dal Tadka,main,36.3,35.4,0.9,70,66.41
2025-02-04,Tuesday,False,clear,False,False,Butter Naan,bread,74.7,74.7,0.0,20,0.0
2025-02-04,Tuesday,False,clear,False,False,Gulab Jamun,dessert,49.3,42.1,7.3,40,290.19
2025-02-04,Tuesday,False,clear,False,False,Tomato Soup,starter,34.7,32.6,2.2,45,97.22
2025-02-04,Tuesday,False,clear,False,False,Mutton Rogan Josh,main,24.0,23.2,0.7,220,158.47
2025-02-04,Tuesday,False,clear,False,False,Fresh Fruit Custard,dessert,22.5,22.5,0.0,55,0.0
2025-02-05,Wednesday,False,clear,False,False,Paneer Butter Masala,main,34.8,33.7,1.0,120,124.57
2025-02-05,Wednesday,False,clear,False,False,Chicken Biryani,main,63.9,54.5,9.4,150,1408.69
2025-02-05,Wednesday,False,clear,False,False,Veg Salad Bowl,starter,35.1,33.2,1.9,60,111.55
2025-02-05,Wednesday,False,clear,False,False,Fish Curry,main,27.1,25.7,1.4,180,248.93
2025-02-05,Wednesday,False,clear,False,False,Dal Tadka,main,43.9,43.9,0.0,70,0.0
2025-02-05,Wednesday,False,clear,False,False,Butter Naan,bread,78.5,78.5,0.0,20,0.0
2025-02-05,Wednesday,False,clear,False,False,Gulab Jamun,dessert,31.9,29.7,2.1,40,85.82
2025-02-05,Wednesday,False,clear,False,False,Tomato Soup,starter,29.3,29.3,0.0,45,0.0
2025-02-05,Wednesday,False,clear,False,False,Mutton Rogan Josh,main,21.9,19.7,2.2,220,485.74
2025-02-05,Wednesday,False,clear,False,False,Fresh Fruit Custard,dessert,28.4,24.8,3.6,55,200.47
2025-02-06,Thursday,False,clear,False,False,Paneer Butter Masala,main,37.0,34.8,2.2,120,265.3
2025-02-06,Thursday,False,clear,False,False,Chicken Biryani,main,65.0,57.5,7.5,150,1126.15
2025-02-06,Thursday,False,clear,False,False,Veg Salad Bowl,starter,35.4,34.0,1.5,60,89.33
2025-02-06,Thursday,False,clear,False,False,Fish Curry,main,21.8,21.3,0.5,180,88.79
2025-02-06,Thursday,False,clear,False,False,Dal Tadka,main,46.3,46.2,0.2,70,11.34
2025-02-06,Thursday,False,clear,False,False,Butter Naan,bread,76.7,74.5,2.3,20,45.32
2025-02-06,Thursday,False,clear,False,False,Gulab Jamun,dessert,32.9,32.9,0.0,40,0.0
2025-02-06,Thursday,False,clear,False,False,Tomato Soup,starter,29.4,29.0,0.3,45,14.89
2025-02-06,Thursday,False,clear,False,False,Mutton Rogan Josh,main,21.7,20.6,1.1,220,237.82
2025-02-06,Thursday,False,clear,False,False,Fresh Fruit Custard,dessert,19.4,19.0,0.4,55,20.05
2025-02-07,Friday,False,clear,False,False,Paneer Butter Masala,main,41.5,41.5,0.0,120,0.0
2025-02-07,Friday,False,clear,False,False,Chicken Biryani,main,41.0,41.0,0.0,150,0.0
2025-02-07,Friday,False,clear,False,False,Veg Salad Bowl,starter,31.8,30.1,1.7,60,104.06
2025-02-07,Friday,False,clear,False,False,Fish Curry,main,28.4,24.6,3.7,180,674.31
2025-02-07,Friday,False,clear,False,False,Dal Tadka,main,32.2,30.6,1.6,70,111.92
2025-02-07,Friday,False,clear,False,False,Butter Naan,bread,95.0,95.0,0.0,20,0.0
2025-02-07,Friday,False,clear,False,False,Gulab Jamun,dessert,33.4,33.4,0.0,40,0.0
2025-02-07,Friday,False,clear,False,False,Tomato Soup,starter,25.4,25.0,0.4,45,19.94
2025-02-07,Friday,False,clear,False,False,Mutton Rogan Josh,main,27.7,23.4,4.2,220,934.89
2025-02-07,Friday,False,clear,False,False,Fresh Fruit Custard,dessert,25.8,21.1,4.7,55,257.27
2025-02-08,Saturday,True,clear,False,False,Paneer Butter Masala,main,63.9,53.4,10.5,120,1264.99
2025-02-08,Saturday,True,clear,False,False,Chicken Biryani,main,114.2,77.5,36.7,150,5508.52
2025-02-08,Saturday,True,clear,False,False,Veg Salad Bowl,starter,50.7,44.6,6.1,60,366.44
2025-02-08,Saturday,True,clear,False,False,Fish Curry,main,43.9,37.7,6.2,180,1120.72
2025-02-08,Saturday,True,clear,False,False,Dal Tadka,main,71.8,57.2,14.6,70,1020.84
2025-02-08,Saturday,True,clear,False,False,Butter Naan,bread,128.5,108.4,20.1,20,402.94
2025-02-08,Saturday,True,clear,False,False,Gulab Jamun,dessert,57.4,47.3,10.0,40,400.92
2025-02-08,Saturday,True,clear,False,False,Tomato Soup,starter,40.1,39.7,0.4,45,17.57
2025-02-08,Saturday,True,clear,False,False,Mutton Rogan Josh,main,31.7,29.2,2.5,220,560.02
2025-02-08,Saturday,True,clear,False,False,Fresh Fruit Custard,dessert,29.6,24.6,5.0,55,276.03
2025-02-09,Sunday,True,rainy,False,False,Paneer Butter Masala,main,60.2,50.5,9.7,120,1160.91
2025-02-09,Sunday,True,rainy,False,False,Chicken Biryani,main,75.8,60.0,15.8,150,2368.23
2025-02-09,Sunday,True,rainy,False,False,Veg Salad Bowl,starter,47.4,34.2,13.2,60,791.24
2025-02-09,Sunday,True,rainy,False,False,Fish Curry,main,36.0,25.2,10.8,180,1943.79
2025-02-09,Sunday,True,rainy,False,False,Dal Tadka,main,58.3,52.0,6.3,70,437.8
2025-02-09,Sunday,True,rainy,False,False,Butter Naan,bread,91.9,70.2,21.7,20,433.58
2025-02-09,Sunday,True,rainy,False,False,Gulab Jamun,dessert,51.6,39.1,12.5,40,498.88
2025-02-09,Sunday,True,rainy,False,False,Tomato Soup,starter,43.8,32.0,11.8,45,532.12
2025-02-09,Sunday,True,rainy,False,False,Mutton Rogan Josh,main,31.0,25.6,5.4,220,1190.86
2025-02-09,Sunday,True,rainy,False,False,Fresh Fruit Custard,dessert,26.9,21.7,5.2,55,287.62
2025-02-10,Monday,False,clear,False,False,Paneer Butter Masala,main,37.9,37.9,0.0,120,0.0
2025-02-10,Monday,False,clear,False,False,Chicken Biryani,main,43.8,43.8,0.0,150,0.0
2025-02-10,Monday,False,clear,False,False,Veg Salad Bowl,starter,28.6,28.0,0.6,60,34.48
2025-02-10,Monday,False,clear,False,False,Fish Curry,main,25.7,25.1,0.6,180,107.66
2025-02-10,Monday,False,clear,False,False,Dal Tadka,main,50.7,50.7,0.0,70,0.0
2025-02-10,Monday,False,clear,False,False,Butter Naan,bread,75.2,71.7,3.5,20,69.85
2025-02-10,Monday,False,clear,False,False,Gulab Jamun,dessert,30.3,28.6,1.8,40,70.93
2025-02-10,Monday,False,clear,False,False,Tomato Soup,starter,29.3,28.3,0.9,45,41.68
2025-02-10,Monday,False,clear,False,False,Mutton Rogan Josh,main,23.8,23.8,0.0,220,0.0
2025-02-10,Monday,False,clear,False,False,Fresh Fruit Custard,dessert,28.6,27.4,1.1,55,61.7
2025-02-11,Tuesday,False,clear,False,False,Paneer Butter Masala,main,34.8,34.8,0.0,120,0.0
2025-02-11,Tuesday,False,clear,False,False,Chicken Biryani,main,61.7,57.6,4.1,150,609.83
2025-02-11,Tuesday,False,clear,False,False,Veg Salad Bowl,starter,31.6,27.8,3.8,60,230.42
2025-02-11,Tuesday,False,clear,False,False,Fish Curry,main,33.3,28.5,4.9,180,874.59
2025-02-11,Tuesday,False,clear,False,False,Dal Tadka,main,54.1,47.9,6.3,70,439.72
2025-02-11,Tuesday,False,clear,False,False,Butter Naan,bread,61.9,61.9,0.0,20,0.0
2025-02-11,Tuesday,False,clear,False,False,Gulab Jamun,dessert,32.6,31.4,1.2,40,49.95
2025-02-11,Tuesday,False,clear,False,False,Tomato Soup,starter,26.9,26.1,0.8,45,36.51
2025-02-11,Tuesday,False,clear,False,False,Mutton Rogan Josh,main,24.9,24.5,0.4,220,86.38
2025-02-11,Tuesday,False,clear,False,False,Fresh Fruit Custard,dessert,24.0,23.1,0.9,55,51.19
2025-02-12,Wednesday,False,clear,False,True,Paneer Butter Masala,main,71.1,52.7,18.4,120,2213.81
2025-02-12,Wednesday,False,clear,False,True,Chicken Biryani,main,103.4,82.3,21.0,150,3153.78
2025-02-12,Wednesday,False,clear,False,True,Veg Salad Bowl,starter,45.8,40.2,5.6,60,335.97
2025-02-12,Wednesday,False,clear,False,True,Fish Curry,main,41.6,30.9,10.6,180,1914.76
2025-02-12,Wednesday,False,clear,False,True,Dal Tadka,main,77.0,62.1,14.9,70,1046.04
2025-02-12,Wednesday,False,clear,False,True,Butter Naan,bread,139.1,110.6,28.5,20,569.79
2025-02-12,Wednesday,False,clear,False,True,Gulab Jamun,dessert,63.0,50.1,12.9,40,517.48
2025-02-12,Wednesday,False,clear,False,True,Tomato Soup,starter,42.8,33.5,9.3,45,419.84
2025-02-12,Wednesday,False,clear,False,True,Mutton Rogan Josh,main,20.5,16.2,4.3,220,954.48
2025-02-12,Wednesday,False,clear,False,True,Fresh Fruit Custard,dessert,16.8,15.5,1.3,55,73.36
2025-02-13,Thursday,False,clear,False,False,Paneer Butter Masala,main,34.4,34.4,0.0,120,0.0
2025-02-13,Thursday,False,clear,False,False,Chicken Biryani,main,64.0,64.0,0.0,150,0.0
2025-02-13,Thursday,False,clear,False,False,Veg Salad Bowl,starter,40.2,38.1,2.1,60,125.28
2025-02-13,Thursday,False,clear,False,False,Fish Curry,main,31.1,26.2,4.9,180,877.12
2025-02-13,Thursday,False,clear,False,False,Dal Tadka,main,45.7,45.7,0.0,70,0.0
2025-02-13,Thursday,False,clear,False,False,Butter Naan,bread,79.5,78.9,0.6,20,11.25
2025-02-13,Thursday,False,clear,False,False,Gulab Jamun,dessert,29.5,29.3,0.3,40,10.44
2025-02-13,Thursday,False,clear,False,False,Tomato Soup,starter,28.6,25.5,3.1,45,140.35
2025-02-13,Thursday,False,clear,False,False,Mutton Rogan Josh,main,20.2,20.1,0.1,220,29.59
2025-02-13,Thursday,False,clear,False,False,Fresh Fruit Custard,dessert,23.4,21.7,1.7,55,94.28
2025-02-14,Friday,False,hot,False,False,Paneer Butter Masala,main,39.4,35.0,4.4,120,531.17
2025-02-14,Friday,False,hot,False,False,Chicken Biryani,main,52.3,52.3,0.0,150,0.0
2025-02-14,Friday,False,hot,False,False,Veg Salad Bowl,starter,34.6,31.6,3.0,60,178.42
2025-02-14,Friday,False,hot,False,False,Fish Curry,main,21.8,20.4,1.4,180,254.48
2025-02-14,Friday,False,hot,False,False,Dal Tadka,main,51.4,49.0,2.5,70,173.29
2025-02-14,Friday,False,hot,False,False,Butter Naan,bread,86.1,86.1,0.0,20,0.0
2025-02-14,Friday,False,hot,False,False,Gulab Jamun,dessert,36.6,36.4,0.2,40,7.37
2025-02-14,Friday,False,hot,False,False,Tomato Soup,starter,29.5,26.4,3.1,45,139.8
2025-02-14,Friday,False,hot,False,False,Mutton Rogan Josh,main,27.7,23.6,4.2,220,921.48
2025-02-14,Friday,False,hot,False,False,Fresh Fruit Custard,dessert,26.8,25.5,1.3,55,71.02
2025-02-15,Saturday,True,cloudy,False,False,Paneer Butter Masala,main,65.6,54.8,10.8,120,1297.73
2025-02-15,Saturday,True,cloudy,False,False,Chicken Biryani,main,95.4,81.6,13.8,150,2073.53
2025-02-15,Saturday,True,cloudy,False,False,Veg Salad Bowl,starter,43.1,37.0,6.1,60,365.96
2025-02-15,Saturday,True,cloudy,False,False,Fish Curry,main,43.6,36.3,7.3,180,1309.3
2025-02-15,Saturday,True,cloudy,False,False,Dal Tadka,main,77.9,63.2,14.7,70,1030.04
2025-02-15,Saturday,True,cloudy,False,False,Butter Naan,bread,126.9,103.1,23.7,20,474.82
2025-02-15,Saturday,True,cloudy,False,False,Gulab Jamun,dessert,52.5,49.4,3.1,40,125.34
2025-02-15,Saturday,True,cloudy,False,False,Tomato Soup,starter,50.9,44.3,6.5,45,293.58
2025-02-15,Saturday,True,cloudy,False,False,Mutton Rogan Josh,main,23.4,21.6,1.8,220,387.24
2025-02-15,Saturday,True,cloudy,False,False,Fresh Fruit Custard,dessert,31.7,26.1,5.6,55,308.24
2025-02-16,Sunday,True,clear,False,True,Paneer Butter Masala,main,103.2,72.5,30.7,120,3678.12
2025-02-16,Sunday,True,clear,False,True,Chicken Biryani,main,136.8,96.3,40.5,150,6070.12
2025-02-16,Sunday,True,clear,False,True,Veg Salad Bowl,starter,63.5,54.4,9.1,60,548.25
2025-02-16,Sunday,True,clear,False,True,Fish Curry,main,46.6,40.3,6.3,180,1131.49
2025-02-16,Sunday,True,clear,False,True,Dal Tadka,main,104.4,76.3,28.2,70,1972.58
2025-02-16,Sunday,True,clear,False,True,Butter Naan,bread,226.3,151.9,74.3,20,1486.6
2025-02-16,Sunday,True,clear,False,True,Gulab Jamun,dessert,80.1,60.5,19.6,40,785.92
2025-02-16,Sunday,True,clear,False,True,Tomato Soup,starter,66.8,50.0,16.8,45,756.2
2025-02-16,Sunday,True,clear,False,True,Mutton Rogan Josh,main,50.2,33.7,16.5,220,3629.25
2025-02-16,Sunday,True,clear,False,True,Fresh Fruit Custard,dessert,52.0,34.6,17.4,55,954.28
2025-02-17,Monday,False,rainy,False,False,Paneer Butter Masala,main,47.5,38.0,9.5,120,1144.78
2025-02-17,Monday,False,rainy,False,False,Chicken Biryani,main,52.2,47.3,4.9,150,733.55
2025-02-17,Monday,False,rainy,False,False,Veg Salad Bowl,starter,26.4,22.9,3.5,60,210.19
2025-02-17,Monday,False,rainy,False,False,Fish Curry,main,25.1,22.6,2.5,180,441.06
2025-02-17,Monday,False,rainy,False,False,Dal Tadka,main,42.4,40.3,2.2,70,151.53
2025-02-17,Monday,False,rainy,False,False,Butter Naan,bread,77.6,66.3,11.3,20,225.77
2025-02-17,Monday,False,rainy,False,False,Gulab Jamun,dessert,40.4,38.5,1.9,40,76.93
2025-02-17,Monday,False,rainy,False,False,Tomato Soup,starter,33.9,28.0,5.9,45,263.79
2025-02-17,Monday,False,rainy,False,False,Mutton Rogan Josh,main,21.2,17.8,3.4,220,750.26
2025-02-17,Monday,False,rainy,False,False,Fresh Fruit Custard,dessert,23.5,19.7,3.8,55,211.39
2025-02-18,Tuesday,False,clear,False,False,Paneer Butter Masala,main,45.4,45.4,0.0,120,0.0
2025-02-18,Tuesday,False,clear,False,False,Chicken Biryani,main,54.6,54.6,0.0,150,0.0
2025-02-18,Tuesday,False,clear,False,False,Veg Salad Bowl,starter,37.2,31.6,5.6,60,335.94
2025-02-18,Tuesday,False,clear,False,False,Fish Curry,main,25.6,24.8,0.8,180,149.18
2025-02-18,Tuesday,False,clear,False,False,Dal Tadka,main,39.0,39.0,0.1,70,3.52
2025-02-18,Tuesday,False,clear,False,False,Butter Naan,bread,64.7,64.7,0.0,20,0.0
2025-02-18,Tuesday,False,clear,False,False,Gulab Jamun,dessert,40.9,36.0,5.0,40,199.45
2025-02-18,Tuesday,False,clear,False,False,Tomato Soup,starter,37.4,37.4,0.0,45,0.0
2025-02-18,Tuesday,False,clear,False,False,Mutton Rogan Josh,main,24.6,23.4,1.2,220,258.33
2025-02-18,Tuesday,False,clear,False,False,Fresh Fruit Custard,dessert,23.7,21.6,2.1,55,114.86
2025-02-19,Wednesday,False,clear,False,False,Paneer Butter Masala,main,38.0,38.0,0.0,120,0.0
2025-02-19,Wednesday,False,clear,False,False,Chicken Biryani,main,48.3,44.8,3.5,150,528.11
2025-02-19,Wednesday,False,clear,False,False,Veg Salad Bowl,starter,29.1,29.0,0.1,60,8.16
2025-02-19,Wednesday,False,clear,False,False,Fish Curry,main,27.9,25.0,2.9,180,526.02
2025-02-19,Wednesday,False,clear,False,False,Dal Tadka,main,46.0,46.0,0.0,70,0.0
2025-02-19,Wednesday,False,clear,False,False,Butter Naan,bread,104.4,91.8,12.6,20,252.55
2025-02-19,Wednesday,False,clear,False,False,Gulab Jamun,dessert,41.2,37.1,4.1,40,163.48
2025-02-19,Wednesday,False,clear,False,False,Tomato Soup,starter,36.7,32.2,4.5,45,201.93
2025-02-19,Wednesday,False,clear,False,False,Mutton Rogan Josh,main,23.2,21.5,1.7,220,374.65
2025-02-19,Wednesday,False,clear,False,False,Fresh Fruit Custard,dessert,23.4,23.4,0.0,55,0.0
2025-02-20,Thursday,False,rainy,False,False,Paneer Butter Masala,main,40.2,30.8,9.5,120,1138.95
2025-02-20,Thursday,False,rainy,False,False,Chicken Biryani,main,67.7,51.5,16.2,150,2430.23
2025-02-20,Thursday,False,rainy,False,False,Veg Salad Bowl,starter,27.0,24.7,2.3,60,139.02
2025-02-20,Thursday,False,rainy,False,False,Fish Curry,main,25.0,20.6,4.3,180,779.31
2025-02-20,Thursday,False,rainy,False,False,Dal Tadka,main,49.3,38.6,10.7,70,746.3
2025-02-20,Thursday,False,rainy,False,False,Butter Naan,bread,77.6,65.1,12.5,20,250.67
2025-02-20,Thursday,False,rainy,False,False,Gulab Jamun,dessert,32.1,26.2,5.8,40,233.37
2025-02-20,Thursday,False,rainy,False,False,Tomato Soup,starter,26.7,23.8,2.9,45,132.12
2025-02-20,Thursday,False,rainy,False,False,Mutton Rogan Josh,main,19.2,16.5,2.7,220,590.96
2025-02-20,Thursday,False,rainy,False,False,Fresh Fruit Custard,dessert,25.0,18.1,6.9,55,379.62
2025-02-21,Friday,False,clear,False,True,Paneer Butter Masala,main,42.9,37.4,5.5,120,658.44
2025-02-21,Friday,False,clear,False,True,Chicken Biryani,main,77.1,66.6,10.5,150,1575.8
2025-02-21,Friday,False,clear,False,True,Veg Salad Bowl,starter,54.1,43.7,10.4,60,625.44
2025-02-21,Friday,False,clear,False,True,Fish Curry,main,45.3,36.1,9.2,180,1663.75
2025-02-21,Friday,False,clear,False,True,Dal Tadka,main,68.4,56.5,11.9,70,835.84
2025-02-21,Friday,False,clear,False,True,Butter Naan,bread,137.7,100.0,37.7,20,753.1
2025-02-21,Friday,False,clear,False,True,Gulab Jamun,dessert,32.6,31.6,1.0,40,41.74
2025-02-21,Friday,False,clear,False,True,Tomato Soup,starter,40.8,32.7,8.1,45,362.85
2025-02-21,Friday,False,clear,False,True,Mutton Rogan Josh,main,34.6,27.1,7.5,220,1647.0
2025-02-21,Friday,False,clear,False,True,Fresh Fruit Custard,dessert,35.7,26.2,9.5,55,523.32
2025-02-22,Saturday,True,rainy,False,False,Paneer Butter Masala,main,69.8,51.2,18.6,120,2237.25
2025-02-22,Saturday,True,rainy,False,False,Chicken Biryani,main,82.3,58.9,23.5,150,3522.5
2025-02-22,Saturday,True,rainy,False,False,Veg Salad Bowl,starter,47.3,34.9,12.4,60,743.29
2025-02-22,Saturday,True,rainy,False,False,Fish Curry,main,36.6,33.8,2.9,180,518.36
2025-02-22,Saturday,True,rainy,False,False,Dal Tadka,main,51.2,42.9,8.3,70,583.88
2025-02-22,Saturday,True,rainy,False,False,Butter Naan,bread,112.7,87.8,24.9,20,497.5
2025-02-22,Saturday,True,rainy,False,False,Gulab Jamun,dessert,40.3,32.9,7.4,40,296.32
2025-02-22,Saturday,True,rainy,False,False,Tomato Soup,starter,46.4,28.8,17.6,45,790.11
2025-02-22,Saturday,True,rainy,False,False,Mutton Rogan Josh,main,35.9,27.9,8.0,220,1757.39
2025-02-22,Saturday,True,rainy,False,False,Fresh Fruit Custard,dessert,29.8,24.1,5.7,55,312.01
2025-02-23,Sunday,True,cloudy,False,False,Paneer Butter Masala,main,55.9,47.5,8.4,120,1009.37
2025-02-23,Sunday,True,cloudy,False,False,Chicken Biryani,main,66.2,60.0,6.2,150,930.25
2025-02-23,Sunday,True,cloudy,False,False,Veg Salad Bowl,starter,51.1,41.2,9.9,60,594.35
2025-02-23,Sunday,True,cloudy,False,False,Fish Curry,main,38.0,35.4,2.6,180,467.18
2025-02-23,Sunday,True,cloudy,False,False,Dal Tadka,main,73.4,67.0,6.4,70,445.89
2025-02-23,Sunday,True,cloudy,False,False,Butter Naan,bread,134.7,116.2,18.5,20,369.55
2025-02-23,Sunday,True,cloudy,False,False,Gulab Jamun,dessert,45.4,39.4,5.9,40,236.91
2025-02-23,Sunday,True,cloudy,False,False,Tomato Soup,starter,49.5,39.5,10.0,45,450.29
2025-02-23,Sunday,True,cloudy,False,False,Mutton Rogan Josh,main,35.2,26.5,8.6,220,1895.5
2025-02-23,Sunday,True,cloudy,False,False,Fresh Fruit Custard,dessert,39.5,33.3,6.2,55,339.02
2025-02-24,Monday,False,clear,False,False,Paneer Butter Masala,main,49.4,49.4,0.0,120,0.0
2025-02-24,Monday,False,clear,False,False,Chicken Biryani,main,56.1,48.9,7.2,150,1076.18
2025-02-24,Monday,False,clear,False,False,Veg Salad Bowl,starter,26.2,26.2,0.0,60,0.0
2025-02-24,Monday,False,clear,False,False,Fish Curry,main,25.5,23.5,2.0,180,361.45
2025-02-24,Monday,False,clear,False,False,Dal Tadka,main,44.4,44.4,0.0,70,0.0
2025-02-24,Monday,False,clear,False,False,Butter Naan,bread,73.5,73.5,0.0,20,0.0
2025-02-24,Monday,False,clear,False,False,Gulab Jamun,dessert,38.1,31.3,6.8,40,273.0
2025-02-24,Monday,False,clear,False,False,Tomato Soup,starter,32.5,29.0,3.5,45,155.47
2025-02-24,Monday,False,clear,False,False,Mutton Rogan Josh,main,19.1,18.8,0.3,220,60.79
2025-02-24,Monday,False,clear,False,False,Fresh Fruit Custard,dessert,20.1,20.1,0.0,55,0.0
2025-02-25,Tuesday,False,clear,True,True,Paneer Butter Masala,main,81.1,58.4,22.7,120,2720.67
2025-02-25,Tuesday,False,clear,True,True,Chicken Biryani,main,193.7,127.5,66.2,150,9936.12
2025-02-25,Tuesday,False,clear,True,True,Veg Salad Bowl,starter,111.3,69.3,42.0,60,2519.98
2025-02-25,Tuesday,False,clear,True,True,Fish Curry,main,78.7,54.7,24.0,180,4315.02
2025-02-25,Tuesday,False,clear,True,True,Dal Tadka,main,153.9,95.7,58.2,70,4075.33
2025-02-25,Tuesday,False,clear,True,True,Butter Naan,bread,234.9,148.9,86.0,20,1720.4
2025-02-25,Tuesday,False,clear,True,True,Gulab Jamun,dessert,109.3,74.8,34.6,40,1383.69
2025-02-25,Tuesday,False,clear,True,True,Tomato Soup,starter,67.8,48.5,19.3,45,869.23
2025-02-25,Tuesday,False,clear,True,True,Mutton Rogan Josh,main,63.5,40.4,23.0,220,5068.3
2025-02-25,Tuesday,False,clear,True,True,Fresh Fruit Custard,dessert,62.2,39.8,22.4,55,1233.58
2025-02-26,Wednesday,False,clear,False,False,Paneer Butter Masala,main,54.1,47.4,6.7,120,801.32
2025-02-26,Wednesday,False,clear,False,False,Chicken Biryani,main,56.3,48.4,7.9,150,1183.56
2025-02-26,Wednesday,False,clear,False,False,Veg Salad Bowl,starter,32.1,28.1,4.0,60,241.31
2025-02-26,Wednesday,False,clear,False,False,Fish Curry,main,25.6,25.2,0.4,180,69.77
2025-02-26,Wednesday,False,clear,False,False,Dal Tadka,main,35.4,35.2,0.2,70,14.8
2025-02-26,Wednesday,False,clear,False,False,Butter Naan,bread,70.8,65.0,5.7,20,114.66
2025-02-26,Wednesday,False,clear,False,False,Gulab Jamun,dessert,41.4,41.4,0.0,40,0.0
2025-02-26,Wednesday,False,clear,False,False,Tomato Soup,starter,29.0,29.0,0.0,45,0.0
2025-02-26,Wednesday,False,clear,False,False,Mutton Rogan Josh,main,20.2,18.5,1.7,220,381.67
2025-02-26,Wednesday,False,clear,False,False,Fresh Fruit Custard,dessert,26.4,21.9,4.5,55,249.94
2025-02-27,Thursday,False,clear,False,False,Paneer Butter Masala,main,44.6,40.5,4.1,120,489.93
2025-02-27,Thursday,False,clear,False,False,Chicken Biryani,main,53.1,52.0,1.1,150,163.46
2025-02-27,Thursday,False,clear,False,False,Veg Salad Bowl,starter,29.6,29.6,0.0,60,0.0
2025-02-27,Thursday,False,clear,False,False,Fish Curry,main,29.8,27.0,2.8,180,508.2
2025-02-27,Thursday,False,clear,False,False,Dal Tadka,main,55.2,48.2,7.0,70,490.69
2025-02-27,Thursday,False,clear,False,False,Butter Naan,bread,93.9,93.9,0.0,20,0.0
2025-02-27,Thursday,False,clear,False,False,Gulab Jamun,dessert,36.6,36.6,0.0,40,0.0
2025-02-27,Thursday,False,clear,False,False,Tomato Soup,starter,28.1,28.1,0.0,45,0.0
2025-02-27,Thursday,False,clear,False,False,Mutton Rogan Josh,main,25.3,23.9,1.4,220,315.16
2025-02-27,Thursday,False,clear,False,False,Fresh Fruit Custard,dessert,24.9,21.4,3.5,55,189.97
2025-02-28,Friday,False,rainy,False,False,Paneer Butter Masala,main,44.4,37.2,7.1,120,852.51
2025-02-28,Friday,False,rainy,False,False,Chicken Biryani,main,50.6,48.2,2.4,150,363.47
2025-02-28,Friday,False,rainy,False,False,Veg Salad Bowl,starter,35.6,25.4,10.1,60,607.45
2025-02-28,Friday,False,rainy,False,False,Fish Curry,main,28.4,23.4,5.1,180,909.14
2025-02-28,Friday,False,rainy,False,False,Dal Tadka,main,41.1,36.2,4.8,70,337.52
2025-02-28,Friday,False,rainy,False,False,Butter Naan,bread,59.9,50.6,9.3,20,186.21
2025-02-28,Friday,False,rainy,False,False,Gulab Jamun,dessert,33.8,32.8,1.0,40,40.98
2025-02-28,Friday,False,rainy,False,False,Tomato Soup,starter,23.8,21.9,1.8,45,83.17
2025-02-28,Friday,False,rainy,False,False,Mutton Rogan Josh,main,17.8,15.0,2.8,220,611.91
2025-02-28,Friday,False,rainy,False,False,Fresh Fruit Custard,dessert,17.8,14.0,3.8,55,207.82
2025-03-01,Saturday,True,cloudy,False,False,Paneer Butter Masala,main,41.4,37.9,3.4,120,412.05
2025-03-01,Saturday,True,cloudy,False,False,Chicken Biryani,main,85.2,85.2,0.0,150,0.0
2025-03-01,Saturday,True,cloudy,False,False,Veg Salad Bowl,starter,42.4,38.8,3.5,60,212.49
2025-03-01,Saturday,True,cloudy,False,False,Fish Curry,main,42.0,37.0,5.0,180,900.57
2025-03-01,Saturday,True,cloudy,False,False,Dal Tadka,main,77.9,63.7,14.2,70,993.95
2025-03-01,Saturday,True,cloudy,False,False,Butter Naan,bread,150.4,131.8,18.6,20,372.11
2025-03-01,Saturday,True,cloudy,False,False,Gulab Jamun,dessert,51.3,49.4,2.0,40,78.64
2025-03-01,Saturday,True,cloudy,False,False,Tomato Soup,starter,48.5,43.2,5.3,45,237.74
2025-03-01,Saturday,True,cloudy,False,False,Mutton Rogan Josh,main,29.7,25.2,4.5,220,985.62
2025-03-01,Saturday,True,cloudy,False,False,Fresh Fruit Custard,dessert,29.7,24.1,5.6,55,308.09
2025-03-02,Sunday,True,cloudy,False,False,Paneer Butter Masala,main,51.3,43.7,7.6,120,908.67
2025-03-02,Sunday,True,cloudy,False,False,Chicken Biryani,main,80.9,80.9,0.0,150,0.0
2025-03-02,Sunday,True,cloudy,False,False,Veg Salad Bowl,starter,45.5,35.3,10.2,60,612.75
2025-03-02,Sunday,True,cloudy,False,False,Fish Curry,main,43.2,34.8,8.3,180,1502.43
2025-03-02,Sunday,True,cloudy,False,False,Dal Tadka,main,90.2,74.3,15.9,70,1112.35
2025-03-02,Sunday,True,cloudy,False,False,Butter Naan,bread,164.5,116.5,48.0,20,959.14
2025-03-02,Sunday,True,cloudy,False,False,Gulab Jamun,dessert,50.9,46.0,4.8,40,192.77
2025-03-02,Sunday,True,cloudy,False,False,Tomato Soup,starter,49.2,39.7,9.4,45,423.77
2025-03-02,Sunday,True,cloudy,False,False,Mutton Rogan Josh,main,27.4,25.3,2.1,220,459.31
2025-03-02,Sunday,True,cloudy,False,False,Fresh Fruit Custard,dessert,47.1,37.9,9.2,55,504.12
2025-03-03,Monday,False,rainy,False,False,Paneer Butter Masala,main,39.0,33.6,5.4,120,648.38
2025-03-03,Monday,False,rainy,False,False,Chicken Biryani,main,52.6,49.9,2.7,150,400.95
2025-03-03,Monday,False,rainy,False,False,Veg Salad Bowl,starter,36.9,26.6,10.4,60,621.01
2025-03-03,Monday,False,rainy,False,False,Fish Curry,main,26.1,22.4,3.7,180,661.92
2025-03-03,Monday,False,rainy,False,False,Dal Tadka,main,40.6,35.9,4.7,70,330.9
2025-03-03,Monday,False,rainy,False,False,Butter Naan,bread,74.2,65.9,8.2,20,164.74
2025-03-03,Monday,False,rainy,False,False,Gulab Jamun,dessert,33.6,33.0,0.5,40,21.64
2025-03-03,Monday,False,rainy,False,False,Tomato Soup,starter,30.4,26.3,4.2,45,187.55
2025-03-03,Monday,False,rainy,False,False,Mutton Rogan Josh,main,19.1,17.8,1.3,220,287.76
2025-03-03,Monday,False,rainy,False,False,Fresh Fruit Custard,dessert,28.8,21.7,7.2,55,394.21
2025-03-04,Tuesday,False,rainy,False,False,Paneer Butter Masala,main,45.7,37.4,8.4,120,1002.07
2025-03-04,Tuesday,False,rainy,False,False,Chicken Biryani,main,44.3,37.7,6.5,150,977.86
2025-03-04,Tuesday,False,rainy,False,False,Veg Salad Bowl,starter,33.5,26.6,6.9,60,412.97
2025-03-04,Tuesday,False,rainy,False,False,Fish Curry,main,26.6,21.7,4.9,180,890.49
2025-03-04,Tuesday,False,rainy,False,False,Dal Tadka,main,57.8,45.0,12.8,70,897.26
2025-03-04,Tuesday,False,rainy,False,False,Butter Naan,bread,50.4,44.6,5.8,20,116.46
2025-03-04,Tuesday,False,rainy,False,False,Gulab Jamun,dessert,29.6,29.2,0.4,40,17.03
2025-03-04,Tuesday,False,rainy,False,False,Tomato Soup,starter,31.6,24.1,7.6,45,340.51
2025-03-04,Tuesday,False,rainy,False,False,Mutton Rogan Josh,main,17.9,14.8,3.1,220,688.71
2025-03-04,Tuesday,False,rainy,False,False,Fresh Fruit Custard,dessert,19.1,16.6,2.4,55,132.71
2025-03-05,Wednesday,False,cloudy,False,True,Paneer Butter Masala,main,55.4,52.8,2.6,120,317.42
2025-03-05,Wednesday,False,cloudy,False,True,Chicken Biryani,main,108.0,84.1,23.9,150,3584.02
2025-03-05,Wednesday,False,cloudy,False,True,Veg Salad Bowl,starter,48.2,36.7,11.5,60,688.35
2025-03-05,Wednesday,False,cloudy,False,True,Fish Curry,main,35.5,26.0,9.6,180,1720.98
2025-03-05,Wednesday,False,cloudy,False,True,Dal Tadka,main,64.9,54.1,10.8,70,757.2
2025-03-05,Wednesday,False,cloudy,False,True,Butter Naan,bread,108.6,94.1,14.5,20,289.44
2025-03-05,Wednesday,False,cloudy,False,True,Gulab Jamun,dessert,59.5,47.4,12.1,40,483.79
2025-03-05,Wednesday,False,cloudy,False,True,Tomato Soup,starter,46.9,37.7,9.2,45,414.57
2025-03-05,Wednesday,False,cloudy,False,True,Mutton Rogan Josh,main,31.5,26.5,5.0,220,1102.26
2025-03-05,Wednesday,False,cloudy,False,True,Fresh Fruit Custard,dessert,38.4,34.9,3.6,55,195.46
2025-03-06,Thursday,False,hot,False,False,Paneer Butter Masala,main,43.8,35.9,7.9,120,946.22
2025-03-06,Thursday,False,hot,False,False,Chicken Biryani,main,68.0,61.6,6.4,150,966.35
2025-03-06,Thursday,False,hot,False,False,Veg Salad Bowl,starter,31.2,30.1,1.1,60,66.22
2025-03-06,Thursday,False,hot,False,False,Fish Curry,main,26.4,24.4,2.0,180,363.26
2025-03-06,Thursday,False,hot,False,False,Dal Tadka,main,54.4,52.6,1.8,70,128.03
2025-03-06,Thursday,False,hot,False,False,Butter Naan,bread,76.7,71.3,5.5,20,109.17
2025-03-06,Thursday,False,hot,False,False,Gulab Jamun,dessert,42.1,38.9,3.3,40,130.51
2025-03-06,Thursday,False,hot,False,False,Tomato Soup,starter,31.2,30.5,0.7,45,30.68
2025-03-06,Thursday,False,hot,False,False,Mutton Rogan Josh,main,17.8,17.8,0.0,220,0.0
2025-03-06,Thursday,False,hot,False,False,Fresh Fruit Custard,dessert,19.1,17.7,1.4,55,77.89
2025-03-07,Friday,False,cloudy,False,False,Paneer Butter Masala,main,25.8,25.8,0.0,120,0.0
2025-03-07,Friday,False,cloudy,False,False,Chicken Biryani,main,62.4,62.4,0.0,150,0.0
2025-03-07,Friday,False,cloudy,False,False,Veg Salad Bowl,starter,31.3,31.3,0.0,60,0.0
2025-03-07,Friday,False,cloudy,False,False,Fish Curry,main,30.4,29.3,1.1,180,200.0
2025-03-07,Friday,False,cloudy,False,False,Dal Tadka,main,56.3,46.6,9.8,70,683.82
2025-03-07,Friday,False,cloudy,False,False,Butter Naan,bread,94.6,94.6,0.0,20,0.0
2025-03-07,Friday,False,cloudy,False,False,Gulab Jamun,dessert,32.6,32.5,0.1,40,4.13
2025-03-07,Friday,False,cloudy,False,False,Tomato Soup,starter,30.8,29.7,1.1,45,48.41
2025-03-07,Friday,False,cloudy,False,False,Mutton Rogan Josh,main,21.9,19.1,2.9,220,632.45
2025-03-07,Friday,False,cloudy,False,False,Fresh Fruit Custard,dessert,27.2,21.7,5.5,55,304.33
2025-03-08,Saturday,True,cloudy,False,False,Paneer Butter Masala,main,71.9,56.3,15.6,120,1867.12
2025-03-08,Saturday,True,cloudy,False,False,Chicken Biryani,main,74.2,67.8,6.4,150,963.48
2025-03-08,Saturday,True,cloudy,False,False,Veg Salad Bowl,starter,55.6,42.7,12.8,60,769.98
2025-03-08,Saturday,True,cloudy,False,False,Fish Curry,main,36.5,33.9,2.6,180,467.02
2025-03-08,Saturday,True,cloudy,False,False,Dal Tadka,main,52.7,50.8,1.9,70,129.6
2025-03-08,Saturday,True,cloudy,False,False,Butter Naan,bread,99.6,85.1,14.5,20,289.58
2025-03-08,Saturday,True,cloudy,False,False,Gulab Jamun,dessert,63.2,53.6,9.6,40,383.41
2025-03-08,Saturday,True,cloudy,False,False,Tomato Soup,starter,32.4,27.5,4.9,45,219.12
2025-03-08,Saturday,True,cloudy,False,False,Mutton Rogan Josh,main,36.5,26.5,10.0,220,2200.65
2025-03-08,Saturday,True,cloudy,False,False,Fresh Fruit Custard,dessert,28.7,24.5,4.2,55,232.08
2025-03-09,Sunday,True,clear,False,False,Paneer Butter Masala,main,68.9,57.7,11.3,120,1354.98
2025-03-09,Sunday,True,clear,False,False,Chicken Biryani,main,96.3,77.2,19.2,150,2872.56
2025-03-09,Sunday,True,clear,False,False,Veg Salad Bowl,starter,47.2,36.6,10.6,60,635.47
2025-03-09,Sunday,True,clear,False,False,Fish Curry,main,34.7,28.2,6.5,180,1174.77
2025-03-09,Sunday,True,clear,False,False,Dal Tadka,main,69.0,62.1,7.0,70,487.86
2025-03-09,Sunday,True,clear,False,False,Butter Naan,bread,118.7,107.7,11.0,20,220.21
2025-03-09,Sunday,True,clear,False,False,Gulab Jamun,dessert,47.2,41.2,6.0,40,241.47
2025-03-09,Sunday,True,clear,False,False,Tomato Soup,starter,40.2,32.8,7.4,45,333.29
2025-03-09,Sunday,True,clear,False,False,Mutton Rogan Josh,main,29.0,23.3,5.8,220,1265.77
2025-03-09,Sunday,True,clear,False,False,Fresh Fruit Custard,dessert,29.4,25.5,4.0,55,217.55
2025-03-10,Monday,False,clear,False,False,Paneer Butter Masala,main,42.3,41.6,0.7,120,87.17
2025-03-10,Monday,False,clear,False,False,Chicken Biryani,main,58.3,58.3,0.0,150,0.0
2025-03-10,Monday,False,clear,False,False,Veg Salad Bowl,starter,36.5,29.8,6.7,60,400.38
2025-03-10,Monday,False,clear,False,False,Fish Curry,main,26.8,25.4,1.4,180,254.65
2025-03-10,Monday,False,clear,False,False,Dal Tadka,main,52.4,48.0,4.5,70,312.49
2025-03-10,Monday,False,clear,False,False,Butter Naan,bread,60.8,60.8,0.0,20,0.0
2025-03-10,Monday,False,clear,False,False,Gulab Jamun,dessert,35.9,35.9,0.0,40,0.0
2025-03-10,Monday,False,clear,False,False,Tomato Soup,starter,33.0,32.4,0.6,45,27.2
2025-03-10,Monday,False,clear,False,False,Mutton Rogan Josh,main,15.4,15.4,0.0,220,0.0
2025-03-10,Monday,False,clear,False,False,Fresh Fruit Custard,dessert,15.3,14.7,0.6,55,32.55
2025-03-11,Tuesday,False,hot,False,False,Paneer Butter Masala,main,51.2,45.2,6.1,120,727.76
2025-03-11,Tuesday,False,hot,False,False,Chicken Biryani,main,53.9,53.9,0.0,150,0.0
2025-03-11,Tuesday,False,hot,False,False,Veg Salad Bowl,starter,35.5,32.2,3.3,60,196.95
2025-03-11,Tuesday,False,hot,False,False,Fish Curry,main,29.4,25.9,3.4,180,618.13
2025-03-11,Tuesday,False,hot,False,False,Dal Tadka,main,45.8,38.7,7.1,70,498.35
2025-03-11,Tuesday,False,hot,False,False,Butter Naan,bread,75.8,70.8,5.0,20,99.87
2025-03-11,Tuesday,False,hot,False,False,Gulab Jamun,dessert,27.9,27.9,0.0,40,0.0
2025-03-11,Tuesday,False,hot,False,False,Tomato Soup,starter,33.9,33.1,0.8,45,34.53
2025-03-11,Tuesday,False,hot,False,False,Mutton Rogan Josh,main,23.1,22.0,1.1,220,239.87
2025-03-11,Tuesday,False,hot,False,False,Fresh Fruit Custard,dessert,25.5,21.7,3.8,55,209.86
2025-03-12,Wednesday,False,hot,False,False,Paneer Butter Masala,main,39.1,36.1,2.9,120,349.76
2025-03-12,Wednesday,False,hot,False,False,Chicken Biryani,main,57.6,57.6,0.0,150,0.0
2025-03-12,Wednesday,False,hot,False,False,Veg Salad Bowl,starter,27.6,27.4,0.2,60,9.7
2025-03-12,Wednesday,False,hot,False,False,Fish Curry,main,23.9,23.9,0.0,180,0.0
2025-03-12,Wednesday,False,hot,False,False,Dal Tadka,main,41.6,41.6,0.0,70,0.0
2025-03-12,Wednesday,False,hot,False,False,Butter Naan,bread,94.0,87.4,6.6,20,131.77
2025-03-12,Wednesday,False,hot,False,False,Gulab Jamun,dessert,34.4,34.4,0.0,40,0.0
2025-03-12,Wednesday,False,hot,False,False,Tomato Soup,starter,28.5,28.5,0.0,45,0.0
2025-03-12,Wednesday,False,hot,False,False,Mutton Rogan Josh,main,17.2,17.2,0.0,220,0.0
2025-03-12,Wednesday,False,hot,False,False,Fresh Fruit Custard,dessert,20.3,20.3,0.0,55,0.0
2025-03-13,Thursday,False,clear,False,False,Paneer Butter Masala,main,33.6,32.4,1.2,120,144.09
2025-03-13,Thursday,False,clear,False,False,Chicken Biryani,main,56.4,53.5,2.8,150,425.74
2025-03-13,Thursday,False,clear,False,False,Veg Salad Bowl,starter,30.0,30.0,0.0,60,0.0
2025-03-13,Thursday,False,clear,False,False,Fish Curry,main,22.3,21.2,1.1,180,200.35
2025-03-13,Thursday,False,clear,False,False,Dal Tadka,main,50.6,50.6,0.0,70,0.0
2025-03-13,Thursday,False,clear,False,False,Butter Naan,bread,92.2,83.3,8.8,20,176.84
2025-03-13,Thursday,False,clear,False,False,Gulab Jamun,dessert,36.9,34.4,2.6,40,103.53
2025-03-13,Thursday,False,clear,False,False,Tomato Soup,starter,26.5,25.6,0.9,45,40.4
2025-03-13,Thursday,False,clear,False,False,Mutton Rogan Josh,main,16.1,16.1,0.0,220,0.0
2025-03-13,Thursday,False,clear,False,False,Fresh Fruit Custard,dessert,24.5,24.5,0.0,55,0.0
2025-03-14,Friday,False,clear,False,False,Paneer Butter Masala,main,33.9,33.2,0.7,120,82.17
2025-03-14,Friday,False,clear,False,False,Chicken Biryani,main,53.0,50.2,2.8,150,421.5
2025-03-14,Friday,False,clear,False,False,Veg Salad Bowl,starter,34.2,31.6,2.6,60,155.77
2025-03-14,Friday,False,clear,False,False,Fish Curry,main,30.4,25.7,4.7,180,844.91
2025-03-14,Friday,False,clear,False,False,Dal Tadka,main,39.8,39.2,0.6,70,42.62
2025-03-14,Friday,False,clear,False,False,Butter Naan,bread,101.1,90.9,10.2,20,203.88
2025-03-14,Friday,False,clear,False,False,Gulab Jamun,dessert,29.2,29.0,0.1,40,4.95
2025-03-14,Friday,False,clear,False,False,Tomato Soup,starter,35.4,32.6,2.8,45,128.18
2025-03-14,Friday,False,clear,False,False,Mutton Rogan Josh,main,20.7,20.5,0.2,220,54.32
2025-03-14,Friday,False,clear,False,False,Fresh Fruit Custard,dessert,22.8,21.0,1.8,55,97.47
2025-03-15,Saturday,True,clear,False,False,Paneer Butter Masala,main,61.1,54.5,6.6,120,789.64
2025-03-15,Saturday,True,clear,False,False,Chicken Biryani,main,114.5,79.0,35.5,150,5319.34
2025-03-15,Saturday,True,clear,False,False,Veg Salad Bowl,starter,39.4,31.9,7.5,60,451.64
2025-03-15,Saturday,True,clear,False,False,Fish Curry,main,38.5,30.7,7.8,180,1410.19
2025-03-15,Saturday,True,clear,False,False,Dal Tadka,main,75.8,61.1,14.7,70,1031.9
2025-03-15,Saturday,True,clear,False,False,Butter Naan,bread,145.2,123.2,21.9,20,438.36
2025-03-15,Saturday,True,clear,False,False,Gulab Jamun,dessert,53.7,53.7,0.0,40,0.0
2025-03-15,Saturday,True,clear,False,False,Tomato Soup,starter,55.4,45.0,10.4,45,467.63
2025-03-15,Saturday,True,clear,False,False,Mutton Rogan Josh,main,32.5,30.5,2.0,220,434.99
2025-03-15,Saturday,True,clear,False,False,Fresh Fruit Custard,dessert,32.7,26.7,6.0,55,329.61
2025-03-16,Sunday,True,clear,False,False,Paneer Butter Masala,main,62.1,61.0,1.1,120,129.31
2025-03-16,Sunday,True,clear,False,False,Chicken Biryani,main,97.5,82.9,14.6,150,2186.51
2025-03-16,Sunday,True,clear,False,False,Veg Salad Bowl,starter,42.0,39.5,2.5,60,149.78
2025-03-16,Sunday,True,clear,False,False,Fish Curry,main,35.8,35.8,0.0,180,0.0
2025-03-16,Sunday,True,clear,False,False,Dal Tadka,main,67.5,65.5,2.0,70,139.05
2025-03-16,Sunday,True,clear,False,False,Butter Naan,bread,124.9,108.7,16.2,20,323.78
2025-03-16,Sunday,True,clear,False,False,Gulab Jamun,dessert,62.7,53.9,8.8,40,351.6
2025-03-16,Sunday,True,clear,False,False,Tomato Soup,starter,39.7,34.7,5.1,45,228.55
2025-03-16,Sunday,True,clear,False,False,Mutton Rogan Josh,main,38.3,31.1,7.2,220,1579.17
2025-03-16,Sunday,True,clear,False,False,Fresh Fruit Custard,dessert,33.6,28.3,5.3,55,291.5
2025-03-17,Monday,False,clear,False,False,Paneer Butter Masala,main,34.6,31.6,3.1,120,368.22
2025-03-17,Monday,False,clear,False,False,Chicken Biryani,main,68.2,55.8,12.3,150,1849.13
2025-03-17,Monday,False,clear,False,False,Veg Salad Bowl,starter,27.2,26.0,1.2,60,72.39
2025-03-17,Monday,False,clear,False,False,Fish Curry,main,35.0,30.4,4.6,180,821.08
2025-03-17,Monday,False,clear,False,False,Dal Tadka,main,42.8,41.2,1.6,70,110.5
2025-03-17,Monday,False,clear,False,False,Butter Naan,bread,82.6,80.0,2.6,20,52.46
2025-03-17,Monday,False,clear,False,False,Gulab Jamun,dessert,32.8,32.1,0.7,40,29.04
2025-03-17,Monday,False,clear,False,False,Tomato Soup,starter,23.9,22.6,1.3,45,57.33
2025-03-17,Monday,False,clear,False,False,Mutton Rogan Josh,main,21.3,21.1,0.2,220,52.22
2025-03-17,Monday,False,clear,False,False,Fresh Fruit Custard,dessert,20.3,17.7,2.6,55,140.3
2025-03-18,Tuesday,False,cloudy,False,False,Paneer Butter Masala,main,38.7,38.7,0.0,120,0.0
2025-03-18,Tuesday,False,cloudy,False,False,Chicken Biryani,main,48.2,48.2,0.0,150,0.0
2025-03-18,Tuesday,False,cloudy,False,False,Veg Salad Bowl,starter,34.5,34.4,0.0,60,2.12
2025-03-18,Tuesday,False,cloudy,False,False,Fish Curry,main,27.0,26.9,0.1,180,23.17
2025-03-18,Tuesday,False,cloudy,False,False,Dal Tadka,main,46.7,46.3,0.4,70,27.45
2025-03-18,Tuesday,False,cloudy,False,False,Butter Naan,bread,88.4,88.4,0.0,20,0.0
2025-03-18,Tuesday,False,cloudy,False,False,Gulab Jamun,dessert,28.4,28.4,0.0,40,0.0
2025-03-18,Tuesday,False,cloudy,False,False,Tomato Soup,starter,26.2,26.2,0.0,45,0.0
2025-03-18,Tuesday,False,cloudy,False,False,Mutton Rogan Josh,main,21.0,21.0,0.0,220,0.0
2025-03-18,Tuesday,False,cloudy,False,False,Fresh Fruit Custard,dessert,28.3,28.3,0.0,55,0.0
2025-03-19,Wednesday,False,clear,False,False,Paneer Butter Masala,main,39.4,37.6,1.8,120,210.93
2025-03-19,Wednesday,False,clear,False,False,Chicken Biryani,main,41.4,39.7,1.8,150,264.2
2025-03-19,Wednesday,False,clear,False,False,Veg Salad Bowl,starter,37.5,36.9,0.6,60,36.99
2025-03-19,Wednesday,False,clear,False,False,Fish Curry,main,29.3,25.8,3.5,180,631.51
2025-03-19,Wednesday,False,clear,False,False,Dal Tadka,main,44.1,44.1,0.0,70,0.0
2025-03-19,Wednesday,False,clear,False,False,Butter Naan,bread,61.7,58.2,3.6,20,71.87
2025-03-19,Wednesday,False,clear,False,False,Gulab Jamun,dessert,34.5,34.5,0.0,40,0.0
2025-03-19,Wednesday,False,clear,False,False,Tomato Soup,starter,28.4,28.4,0.0,45,0.0
2025-03-19,Wednesday,False,clear,False,False,Mutton Rogan Josh,main,20.2,18.7,1.5,220,329.51
2025-03-19,Wednesday,False,clear,False,False,Fresh Fruit Custard,dessert,21.2,18.5,2.7,55,151.14
2025-03-20,Thursday,False,clear,False,True,Paneer Butter Masala,main,82.9,61.5,21.3,120,2557.87
2025-03-20,Thursday,False,clear,False,True,Chicken Biryani,main,78.8,69.6,9.2,150,1385.83
2025-03-20,Thursday,False,clear,False,True,Veg Salad Bowl,starter,44.3,35.1,9.2,60,552.81
2025-03-20,Thursday,False,clear,False,True,Fish Curry,main,39.0,31.4,7.6,180,1361.24
2025-03-20,Thursday,False,clear,False,True,Dal Tadka,main,67.2,56.0,11.2,70,780.97
2025-03-20,Thursday,False,clear,False,True,Butter Naan,bread,95.9,82.7,13.2,20,264.63
2025-03-20,Thursday,False,clear,False,True,Gulab Jamun,dessert,53.2,48.6,4.6,40,185.19
2025-03-20,Thursday,False,clear,False,True,Tomato Soup,starter,39.8,34.2,5.6,45,251.43
2025-03-20,Thursday,False,clear,False,True,Mutton Rogan Josh,main,30.2,25.3,4.9,220,1068.76
2025-03-20,Thursday,False,clear,False,True,Fresh Fruit Custard,dessert,42.4,32.4,10.1,55,553.89
2025-03-21,Friday,False,clear,False,False,Paneer Butter Masala,main,36.3,36.3,0.0,120,0.0
2025-03-21,Friday,False,clear,False,False,Chicken Biryani,main,57.1,57.1,0.0,150,0.0
2025-03-21,Friday,False,clear,False,False,Veg Salad Bowl,starter,33.2,33.2,0.0,60,0.0
2025-03-21,Friday,False,clear,False,False,Fish Curry,main,23.1,23.1,0.0,180,0.0
2025-03-21,Friday,False,clear,False,False,Dal Tadka,main,46.5,41.9,4.6,70,322.08
2025-03-21,Friday,False,clear,False,False,Butter Naan,bread,98.8,86.0,12.7,20,254.95
2025-03-21,Friday,False,clear,False,False,Gulab Jamun,dessert,44.5,44.5,0.0,40,0.0
2025-03-21,Friday,False,clear,False,False,Tomato Soup,starter,28.2,28.2,0.0,45,0.0
2025-03-21,Friday,False,clear,False,False,Mutton Rogan Josh,main,18.1,18.1,0.0,220,0.0
2025-03-21,Friday,False,clear,False,False,Fresh Fruit Custard,dessert,19.2,19.2,0.0,55,0.0
2025-03-22,Saturday,True,clear,False,True,Paneer Butter Masala,main,95.4,74.3,21.1,120,2526.74
2025-03-22,Saturday,True,clear,False,True,Chicken Biryani,main,164.5,124.1,40.4,150,6056.55
2025-03-22,Saturday,True,clear,False,True,Veg Salad Bowl,starter,64.3,51.1,13.2,60,794.75
2025-03-22,Saturday,True,clear,False,True,Fish Curry,main,77.5,50.8,26.7,180,4806.44
2025-03-22,Saturday,True,clear,False,True,Dal Tadka,main,96.1,78.6,17.5,70,1224.26
2025-03-22,Saturday,True,clear,False,True,Butter Naan,bread,171.4,138.4,32.9,20,658.81
2025-03-22,Saturday,True,clear,False,True,Gulab Jamun,dessert,102.0,69.4,32.6,40,1303.38
2025-03-22,Saturday,True,clear,False,True,Tomato Soup,starter,53.7,47.8,5.9,45,264.74
2025-03-22,Saturday,True,clear,False,True,Mutton Rogan Josh,main,43.3,29.8,13.6,220,2985.78
2025-03-22,Saturday,True,clear,False,True,Fresh Fruit Custard,dessert,65.3,42.5,22.8,55,1251.67
2025-03-23,Sunday,True,cloudy,False,True,Paneer Butter Masala,main,91.0,75.7,15.2,120,1828.83
2025-03-23,Sunday,True,cloudy,False,True,Chicken Biryani,main,130.3,92.7,37.6,150,5634.72
2025-03-23,Sunday,True,cloudy,False,True,Veg Salad Bowl,starter,58.4,48.8,9.6,60,576.25
2025-03-23,Sunday,True,cloudy,False,True,Fish Curry,main,55.3,40.5,14.7,180,2651.29
2025-03-23,Sunday,True,cloudy,False,True,Dal Tadka,main,97.6,74.6,23.0,70,1609.39
2025-03-23,Sunday,True,cloudy,False,True,Butter Naan,bread,173.3,127.8,45.5,20,909.28
2025-03-23,Sunday,True,cloudy,False,True,Gulab Jamun,dessert,83.7,62.2,21.5,40,861.8
2025-03-23,Sunday,True,cloudy,False,True,Tomato Soup,starter,63.1,44.9,18.2,45,819.42
2025-03-23,Sunday,True,cloudy,False,True,Mutton Rogan Josh,main,37.2,26.0,11.2,220,2472.01
2025-03-23,Sunday,True,cloudy,False,True,Fresh Fruit Custard,dessert,52.5,37.1,15.4,55,846.25
2025-03-24,Monday,False,rainy,False,False,Paneer Butter Masala,main,31.4,25.9,5.5,120,656.84
2025-03-24,Monday,False,rainy,False,False,Chicken Biryani,main,55.6,46.7,8.9,150,1338.22
2025-03-24,Monday,False,rainy,False,False,Veg Salad Bowl,starter,30.6,24.1,6.5,60,388.81
2025-03-24,Monday,False,rainy,False,False,Fish Curry,main,29.5,23.6,5.8,180,1048.22
2025-03-24,Monday,False,rainy,False,False,Dal Tadka,main,37.1,37.1,0.0,70,0.0
2025-03-24,Monday,False,rainy,False,False,Butter Naan,bread,94.6,74.3,20.3,20,406.11
2025-03-24,Monday,False,rainy,False,False,Gulab Jamun,dessert,35.2,32.1,3.1,40,124.31
2025-03-24,Monday,False,rainy,False,False,Tomato Soup,starter,32.9,25.7,7.1,45,320.96
2025-03-24,Monday,False,rainy,False,False,Mutton Rogan Josh,main,22.1,20.2,2.0,220,431.95
2025-03-24,Monday,False,rainy,False,False,Fresh Fruit Custard,dessert,23.3,18.2,5.1,55,282.49
2025-03-25,Tuesday,False,clear,False,False,Paneer Butter Masala,main,45.5,42.0,3.5,120,417.78
2025-03-25,Tuesday,False,clear,False,False,Chicken Biryani,main,58.0,55.6,2.4,150,358.54
2025-03-25,Tuesday,False,clear,False,False,Veg Salad Bowl,starter,34.3,29.1,5.2,60,313.53
2025-03-25,Tuesday,False,clear,False,False,Fish Curry,main,22.3,22.3,0.0,180,2.67
2025-03-25,Tuesday,False,clear,False,False,Dal Tadka,main,49.2,45.1,4.1,70,289.31
2025-03-25,Tuesday,False,clear,False,False,Butter Naan,bread,65.6,65.6,0.0,20,0.0
2025-03-25,Tuesday,False,clear,False,False,Gulab Jamun,dessert,27.3,26.4,0.9,40,34.58
2025-03-25,Tuesday,False,clear,False,False,Tomato Soup,starter,24.6,24.2,0.3,45,14.02
2025-03-25,Tuesday,False,clear,False,False,Mutton Rogan Josh,main,21.6,21.6,0.0,220,0.0
2025-03-25,Tuesday,False,clear,False,False,Fresh Fruit Custard,dessert,23.4,22.6,0.8,55,43.05
2025-03-26,Wednesday,False,clear,False,True,Paneer Butter Masala,main,55.9,45.8,10.0,120,1201.25
2025-03-26,Wednesday,False,clear,False,True,Chicken Biryani,main,97.7,77.4,20.4,150,3058.28
2025-03-26,Wednesday,False,clear,False,True,Veg Salad Bowl,starter,41.2,31.2,10.0,60,600.85
2025-03-26,Wednesday,False,clear,False,True,Fish Curry,main,37.8,27.2,10.6,180,1914.35
2025-03-26,Wednesday,False,clear,False,True,Dal Tadka,main,78.8,63.2,15.7,70,1097.8
2025-03-26,Wednesday,False,clear,False,True,Butter Naan,bread,121.2,101.9,19.3,20,386.69
2025-03-26,Wednesday,False,clear,False,True,Gulab Jamun,dessert,56.5,47.3,9.2,40,366.23
2025-03-26,Wednesday,False,clear,False,True,Tomato Soup,starter,47.9,36.0,11.9,45,537.43
2025-03-26,Wednesday,False,clear,False,True,Mutton Rogan Josh,main,27.3,23.3,3.9,220,868.72
2025-03-26,Wednesday,False,clear,False,True,Fresh Fruit Custard,dessert,27.2,23.6,3.6,55,197.86
2025-03-27,Thursday,False,cloudy,False,False,Paneer Butter Masala,main,56.1,48.7,7.4,120,893.92
2025-03-27,Thursday,False,cloudy,False,False,Chicken Biryani,main,48.0,44.3,3.7,150,560.68
2025-03-27,Thursday,False,cloudy,False,False,Veg Salad Bowl,starter,35.7,35.1,0.6,60,34.65
2025-03-27,Thursday,False,cloudy,False,False,Fish Curry,main,25.3,25.3,0.0,180,0.0
2025-03-27,Thursday,False,cloudy,False,False,Dal Tadka,main,46.4,46.4,0.0,70,0.0
2025-03-27,Thursday,False,cloudy,False,False,Butter Naan,bread,81.9,81.9,0.0,20,0.0
2025-03-27,Thursday,False,cloudy,False,False,Gulab Jamun,dessert,41.5,37.3,4.3,40,170.62
2025-03-27,Thursday,False,cloudy,False,False,Tomato Soup,starter,25.4,25.4,0.0,45,0.0
2025-03-27,Thursday,False,cloudy,False,False,Mutton Rogan Josh,main,14.9,14.8,0.1,220,26.25
2025-03-27,Thursday,False,cloudy,False,False,Fresh Fruit Custard,dessert,20.5,20.5,0.0,55,0.0
2025-03-28,Friday,False,clear,False,False,Paneer Butter Masala,main,34.8,34.8,0.0,120,0.0
2025-03-28,Friday,False,clear,False,False,Chicken Biryani,main,66.7,62.1,4.6,150,693.09
2025-03-28,Friday,False,clear,False,False,Veg Salad Bowl,starter,32.7,29.5,3.2,60,190.04
2025-03-28,Friday,False,clear,False,False,Fish Curry,main,22.7,21.5,1.1,180,204.19
2025-03-28,Friday,False,clear,False,False,Dal Tadka,main,45.8,45.8,0.0,70,0.0
2025-03-28,Friday,False,clear,False,False,Butter Naan,bread,84.2,84.2,0.0,20,0.0
2025-03-28,Friday,False,clear,False,False,Gulab Jamun,dessert,39.9,37.1,2.8,40,112.13
2025-03-28,Friday,False,clear,False,False,Tomato Soup,starter,20.8,18.2,2.6,45,118.34
2025-03-28,Friday,False,clear,False,False,Mutton Rogan Josh,main,12.7,12.7,0.0,220,0.0
2025-03-28,Friday,False,clear,False,False,Fresh Fruit Custard,dessert,25.5,24.7,0.8,55,44.97
2025-03-29,Saturday,True,rainy,False,True,Paneer Butter Masala,main,83.7,64.4,19.3,120,2312.6
2025-03-29,Saturday,True,rainy,False,True,Chicken Biryani,main,136.0,89.6,46.4,150,6963.99
2025-03-29,Saturday,True,rainy,False,True,Veg Salad Bowl,starter,54.7,36.9,17.8,60,1067.42
2025-03-29,Saturday,True,rainy,False,True,Fish Curry,main,52.2,31.5,20.7,180,3725.41
2025-03-29,Saturday,True,rainy,False,True,Dal Tadka,main,92.1,70.2,21.8,70,1528.44
2025-03-29,Saturday,True,rainy,False,True,Butter Naan,bread,153.5,109.2,44.3,20,886.05
2025-03-29,Saturday,True,rainy,False,True,Gulab Jamun,dessert,79.1,58.0,21.2,40,846.15
2025-03-29,Saturday,True,rainy,False,True,Tomato Soup,starter,73.8,47.9,25.9,45,1165.73
2025-03-29,Saturday,True,rainy,False,True,Mutton Rogan Josh,main,35.7,24.7,11.0,220,2428.32
2025-03-29,Saturday,True,rainy,False,True,Fresh Fruit Custard,dessert,40.0,28.5,11.4,55,628.91
2025-03-30,Sunday,True,clear,False,False,Paneer Butter Masala,main,45.8,39.9,5.9,120,712.93
2025-03-30,Sunday,True,clear,False,False,Chicken Biryani,main,64.3,58.2,6.1,150,910.3
2025-03-30,Sunday,True,clear,False,False,Veg Salad Bowl,starter,40.4,36.1,4.4,60,261.99
2025-03-30,Sunday,True,clear,False,False,Fish Curry,main,50.5,41.9,8.6,180,1547.54
2025-03-30,Sunday,True,clear,False,False,Dal Tadka,main,62.8,62.5,0.2,70,16.33
2025-03-30,Sunday,True,clear,False,False,Butter Naan,bread,117.4,99.5,17.9,20,358.25
2025-03-30,Sunday,True,clear,False,False,Gulab Jamun,dessert,52.5,41.4,11.0,40,440.47
2025-03-30,Sunday,True,clear,False,False,Tomato Soup,starter,37.8,32.3,5.4,45,243.98
2025-03-30,Sunday,True,clear,False,False,Mutton Rogan Josh,main,30.0,25.1,4.9,220,1079.67
2025-03-30,Sunday,True,clear,False,False,Fresh Fruit Custard,dessert,32.5,27.4,5.0,55,277.13
2025-03-31,Monday,False,clear,False,False,Paneer Butter Masala,main,44.6,42.3,2.3,120,278.04
2025-03-31,Monday,False,clear,False,False,Chicken Biryani,main,54.4,54.4,0.0,150,0.0
2025-03-31,Monday,False,clear,False,False,Veg Salad Bowl,starter,34.0,32.9,1.2,60,69.21
2025-03-31,Monday,False,clear,False,False,Fish Curry,main,25.5,24.1,1.4,180,254.84
2025-03-31,Monday,False,clear,False,False,Dal Tadka,main,54.2,54.2,0.0,70,0.0
2025-03-31,Monday,False,clear,False,False,Butter Naan,bread,87.4,87.4,0.0,20,0.0
2025-03-31,Monday,False,clear,False,False,Gulab Jamun,dessert,41.7,35.9,5.7,40,229.53
2025-03-31,Monday,False,clear,False,False,Tomato Soup,starter,31.4,29.6,1.8,45,79.05
2025-03-31,Monday,False,clear,False,False,Mutton Rogan Josh,main,19.3,18.7,0.6,220,133.62
2025-03-31,Monday,False,clear,False,False,Fresh Fruit Custard,dessert,21.3,21.3,0.0,55,0.0
2025-04-01,Tuesday,False,clear,False,False,Paneer Butter Masala,main,36.3,36.3,0.0,120,0.0
2025-04-01,Tuesday,False,clear,False,False,Chicken Biryani,main,48.6,46.0,2.6,150,393.76
2025-04-01,Tuesday,False,clear,False,False,Veg Salad Bowl,starter,34.3,32.0,2.4,60,142.98
2025-04-01,Tuesday,False,clear,False,False,Fish Curry,main,29.5,27.9,1.6,180,288.12
2025-04-01,Tuesday,False,clear,False,False,Dal Tadka,main,49.2,47.1,2.1,70,147.74
2025-04-01,Tuesday,False,clear,False,False,Butter Naan,bread,79.1,79.1,0.0,20,0.0
2025-04-01,Tuesday,False,clear,False,False,Gulab Jamun,dessert,44.3,44.3,0.0,40,0.0
2025-04-01,Tuesday,False,clear,False,False,Tomato Soup,starter,27.9,25.8,2.1,45,94.23
2025-04-01,Tuesday,False,clear,False,False,Mutton Rogan Josh,main,20.6,20.6,0.0,220,0.0
2025-04-01,Tuesday,False,clear,False,False,Fresh Fruit Custard,dessert,26.3,25.0,1.3,55,71.41
2025-04-02,Wednesday,False,cloudy,False,False,Paneer Butter Masala,main,43.0,43.0,0.0,120,0.0
2025-04-02,Wednesday,False,cloudy,False,False,Chicken Biryani,main,72.0,66.7,5.3,150,790.96
2025-04-02,Wednesday,False,cloudy,False,False,Veg Salad Bowl,starter,35.6,30.0,5.7,60,340.17
2025-04-02,Wednesday,False,cloudy,False,False,Fish Curry,main,26.7,25.5,1.2,180,218.48
2025-04-02,Wednesday,False,cloudy,False,False,Dal Tadka,main,44.2,41.4,2.8,70,195.72
2025-04-02,Wednesday,False,cloudy,False,False,Butter Naan,bread,85.5,84.6,0.9,20,18.92
2025-04-02,Wednesday,False,cloudy,False,False,Gulab Jamun,dessert,33.0,31.7,1.3,40,51.59
2025-04-02,Wednesday,False,cloudy,False,False,Tomato Soup,starter,27.8,27.8,0.0,45,0.0
2025-04-02,Wednesday,False,cloudy,False,False,Mutton Rogan Josh,main,17.7,16.5,1.3,220,277.4
2025-04-02,Wednesday,False,cloudy,False,False,Fresh Fruit Custard,dessert,16.3,15.1,1.2,55,64.43
2025-04-03,Thursday,False,cloudy,False,False,Paneer Butter Masala,main,41.0,37.6,3.4,120,404.64
2025-04-03,Thursday,False,cloudy,False,False,Chicken Biryani,main,54.2,52.4,1.8,150,269.71
2025-04-03,Thursday,False,cloudy,False,False,Veg Salad Bowl,starter,33.2,32.7,0.5,60,31.27
2025-04-03,Thursday,False,cloudy,False,False,Fish Curry,main,28.0,28.0,0.0,180,0.0
2025-04-03,Thursday,False,cloudy,False,False,Dal Tadka,main,51.0,46.6,4.4,70,310.77
2025-04-03,Thursday,False,cloudy,False,False,Butter Naan,bread,100.6,86.3,14.2,20,284.65
2025-04-03,Thursday,False,cloudy,False,False,Gulab Jamun,dessert,31.8,31.8,0.0,40,0.0
2025-04-03,Thursday,False,cloudy,False,False,Tomato Soup,starter,27.1,24.7,2.5,45,111.2
2025-04-03,Thursday,False,cloudy,False,False,Mutton Rogan Josh,main,22.0,21.2,0.8,220,179.18
2025-04-03,Thursday,False,cloudy,False,False,Fresh Fruit Custard,dessert,21.4,19.0,2.4,55,130.9
2025-04-04,Friday,False,cloudy,False,True,Paneer Butter Masala,main,85.4,67.1,18.2,120,2185.2
2025-04-04,Friday,False,cloudy,False,True,Chicken Biryani,main,86.6,73.6,13.0,150,1949.72
2025-04-04,Friday,False,cloudy,False,True,Veg Salad Bowl,starter,35.1,29.4,5.7,60,342.54
2025-04-04,Friday,False,cloudy,False,True,Fish Curry,main,30.0,27.2,2.9,180,514.63
2025-04-04,Friday,False,cloudy,False,True,Dal Tadka,main,84.6,67.9,16.7,70,1171.82
2025-04-04,Friday,False,cloudy,False,True,Butter Naan,bread,123.4,104.6,18.8,20,376.58
2025-04-04,Friday,False,cloudy,False,True,Gulab Jamun,dessert,56.8,42.8,13.9,40,556.8
2025-04-04,Friday,False,cloudy,False,True,Tomato Soup,starter,45.2,34.9,10.4,45,467.3
2025-04-04,Friday,False,cloudy,False,True,Mutton Rogan Josh,main,29.2,24.4,4.8,220,1054.43
2025-04-04,Friday,False,cloudy,False,True,Fresh Fruit Custard,dessert,24.2,22.9,1.4,55,76.24
2025-04-05,Saturday,True,clear,False,True,Paneer Butter Masala,main,78.1,62.9,15.2,120,1829.01
2025-04-05,Saturday,True,clear,False,True,Chicken Biryani,main,127.6,92.4,35.2,150,5281.08
2025-04-05,Saturday,True,clear,False,True,Veg Salad Bowl,starter,48.9,37.5,11.3,60,680.31
2025-04-05,Saturday,True,clear,False,True,Fish Curry,main,63.9,44.2,19.6,180,3531.23
2025-04-05,Saturday,True,clear,False,True,Dal Tadka,main,90.8,65.4,25.3,70,1774.03
2025-04-05,Saturday,True,clear,False,True,Butter Naan,bread,218.9,151.6,67.4,20,1347.53
2025-04-05,Saturday,True,clear,False,True,Gulab Jamun,dessert,77.6,58.4,19.2,40,766.82
2025-04-05,Saturday,True,clear,False,True,Tomato Soup,starter,63.2,43.7,19.5,45,879.07
2025-04-05,Saturday,True,clear,False,True,Mutton Rogan Josh,main,50.1,34.5,15.5,220,3415.57
2025-04-05,Saturday,True,clear,False,True,Fresh Fruit Custard,dessert,56.7,37.7,18.9,55,1041.98
2025-04-06,Sunday,True,rainy,False,False,Paneer Butter Masala,main,63.3,50.7,12.6,120,1515.28
2025-04-06,Sunday,True,rainy,False,False,Chicken Biryani,main,73.6,49.4,24.1,150,3621.96
2025-04-06,Sunday,True,rainy,False,False,Veg Salad Bowl,starter,41.5,35.5,6.0,60,360.14
2025-04-06,Sunday,True,rainy,False,False,Fish Curry,main,37.6,26.2,11.4,180,2046.09
2025-04-06,Sunday,True,rainy,False,False,Dal Tadka,main,63.2,49.9,13.3,70,928.96
2025-04-06,Sunday,True,rainy,False,False,Butter Naan,bread,128.7,107.2,21.5,20,429.45
2025-04-06,Sunday,True,rainy,False,False,Gulab Jamun,dessert,49.1,36.3,12.8,40,512.04
2025-04-06,Sunday,True,rainy,False,False,Tomato Soup,starter,47.0,33.6,13.4,45,603.03
2025-04-06,Sunday,True,rainy,False,False,Mutton Rogan Josh,main,34.4,25.5,8.9,220,1966.71
2025-04-06,Sunday,True,rainy,False,False,Fresh Fruit Custard,dessert,35.6,26.7,8.9,55,487.75
2025-04-07,Monday,False,rainy,False,False,Paneer Butter Masala,main,43.9,34.9,9.0,120,1080.8
2025-04-07,Monday,False,rainy,False,False,Chicken Biryani,main,58.8,49.9,8.9,150,1340.03
2025-04-07,Monday,False,rainy,False,False,Veg Salad Bowl,starter,27.9,23.0,4.9,60,292.21
2025-04-07,Monday,False,rainy,False,False,Fish Curry,main,25.8,21.2,4.6,180,833.13
2025-04-07,Monday,False,rainy,False,False,Dal Tadka,main,54.2,48.4,5.9,70,409.68
2025-04-07,Monday,False,rainy,False,False,Butter Naan,bread,90.0,71.4,18.5,20,370.31
2025-04-07,Monday,False,rainy,False,False,Gulab Jamun,dessert,42.2,30.1,12.1,40,482.43
2025-04-07,Monday,False,rainy,False,False,Tomato Soup,starter,27.9,22.7,5.1,45,231.05
2025-04-07,Monday,False,rainy,False,False,Mutton Rogan Josh,main,17.6,15.4,2.3,220,496.46
2025-04-07,Monday,False,rainy,False,False,Fresh Fruit Custard,dessert,24.9,19.3,5.6,55,309.21
2025-04-08,Tuesday,False,rainy,False,False,Paneer Butter Masala,main,38.8,33.6,5.2,120,619.19
2025-04-08,Tuesday,False,rainy,False,False,Chicken Biryani,main,75.0,61.9,13.1,150,1969.58
2025-04-08,Tuesday,False,rainy,False,False,Veg Salad Bowl,starter,26.5,23.3,3.2,60,193.01
2025-04-08,Tuesday,False,rainy,False,False,Fish Curry,main,24.3,18.8,5.5,180,983.47
2025-04-08,Tuesday,False,rainy,False,False,Dal Tadka,main,43.2,36.6,6.7,70,465.8
2025-04-08,Tuesday,False,rainy,False,False,Butter Naan,bread,82.9,67.5,15.4,20,307.56
2025-04-08,Tuesday,False,rainy,False,False,Gulab Jamun,dessert,28.8,26.7,2.1,40,83.89
2025-04-08,Tuesday,False,rainy,False,False,Tomato Soup,starter,30.6,24.4,6.2,45,277.65
2025-04-08,Tuesday,False,rainy,False,False,Mutton Rogan Josh,main,19.5,17.7,1.8,220,402.88
2025-04-08,Tuesday,False,rainy,False,False,Fresh Fruit Custard,dessert,23.0,20.2,2.8,55,153.47
2025-04-09,Wednesday,False,clear,False,True,Paneer Butter Masala,main,75.0,57.8,17.2,120,2064.28
2025-04-09,Wednesday,False,clear,False,True,Chicken Biryani,main,99.3,73.7,25.6,150,3840.74
2025-04-09,Wednesday,False,clear,False,True,Veg Salad Bowl,starter,54.3,50.2,4.2,60,250.97
2025-04-09,Wednesday,False,clear,False,True,Fish Curry,main,33.8,28.5,5.4,180,965.76
2025-04-09,Wednesday,False,clear,False,True,Dal Tadka,main,56.3,50.5,5.8,70,405.97
2025-04-09,Wednesday,False,clear,False,True,Butter Naan,bread,105.3,96.4,8.9,20,177.83
2025-04-09,Wednesday,False,clear,False,True,Gulab Jamun,dessert,56.2,45.5,10.7,40,427.94
2025-04-09,Wednesday,False,clear,False,True,Tomato Soup,starter,48.0,37.0,10.9,45,492.39
2025-04-09,Wednesday,False,clear,False,True,Mutton Rogan Josh,main,32.0,26.8,5.2,220,1139.82
2025-04-09,Wednesday,False,clear,False,True,Fresh Fruit Custard,dessert,44.3,34.5,9.8,55,538.19
2025-04-10,Thursday,False,clear,False,False,Paneer Butter Masala,main,32.8,31.6,1.2,120,138.36
2025-04-10,Thursday,False,clear,False,False,Chicken Biryani,main,54.2,54.2,0.0,150,0.0
2025-04-10,Thursday,False,clear,False,False,Veg Salad Bowl,starter,41.0,37.2,3.8,60,226.42
2025-04-10,Thursday,False,clear,False,False,Fish Curry,main,27.2,27.2,0.0,180,0.0
2025-04-10,Thursday,False,clear,False,False,Dal Tadka,main,40.5,39.6,0.9,70,63.77
2025-04-10,Thursday,False,clear,False,False,Butter Naan,bread,81.7,81.7,0.0,20,0.0
2025-04-10,Thursday,False,clear,False,False,Gulab Jamun,dessert,35.3,34.2,1.1,40,42.68
2025-04-10,Thursday,False,clear,False,False,Tomato Soup,starter,27.3,27.3,0.0,45,0.0
2025-04-10,Thursday,False,clear,False,False,Mutton Rogan Josh,main,19.0,18.7,0.3,220,63.48
2025-04-10,Thursday,False,clear,False,False,Fresh Fruit Custard,dessert,24.7,22.2,2.5,55,136.12
2025-04-11,Friday,False,hot,False,False,Paneer Butter Masala,main,40.5,37.8,2.7,120,323.22
2025-04-11,Friday,False,hot,False,False,Chicken Biryani,main,59.0,59.0,0.0,150,0.0
2025-04-11,Friday,False,hot,False,False,Veg Salad Bowl,starter,37.4,32.8,4.5,60,271.32
2025-04-11,Friday,False,hot,False,False,Fish Curry,main,34.6,28.9,5.8,180,1036.27
2025-04-11,Friday,False,hot,False,False,Dal Tadka,main,41.2,40.3,0.9,70,59.65
2025-04-11,Friday,False,hot,False,False,Butter Naan,bread,80.3,80.1,0.2,20,3.33
2025-04-11,Friday,False,hot,False,False,Gulab Jamun,dessert,32.3,32.3,0.0,40,0.0
2025-04-11,Friday,False,hot,False,False,Tomato Soup,starter,28.3,28.3,0.0,45,0.0
2025-04-11,Friday,False,hot,False,False,Mutton Rogan Josh,main,20.2,20.2,0.0,220,0.0
2025-04-11,Friday,False,hot,False,False,Fresh Fruit Custard,dessert,20.6,19.1,1.5,55,83.89
2025-04-12,Saturday,True,cloudy,False,True,Paneer Butter Masala,main,120.6,85.2,35.4,120,4250.63
2025-04-12,Saturday,True,cloudy,False,True,Chicken Biryani,main,123.4,98.2,25.2,150,3778.36
2025-04-12,Saturday,True,cloudy,False,True,Veg Salad Bowl,starter,67.8,42.8,25.0,60,1497.16
2025-04-12,Saturday,True,cloudy,False,True,Fish Curry,main,48.1,37.5,10.6,180,1911.41
2025-04-12,Saturday,True,cloudy,False,True,Dal Tadka,main,102.8,75.6,27.2,70,1905.25
2025-04-12,Saturday,True,cloudy,False,True,Butter Naan,bread,159.7,120.4,39.3,20,786.85
2025-04-12,Saturday,True,cloudy,False,True,Gulab Jamun,dessert,87.5,67.8,19.7,40,788.96
2025-04-12,Saturday,True,cloudy,False,True,Tomato Soup,starter,59.0,39.3,19.7,45,885.67
2025-04-12,Saturday,True,cloudy,False,True,Mutton Rogan Josh,main,46.9,35.7,11.1,220,2449.48
2025-04-12,Saturday,True,cloudy,False,True,Fresh Fruit Custard,dessert,39.9,30.1,9.8,55,539.28
2025-04-13,Sunday,True,clear,False,False,Paneer Butter Masala,main,55.7,47.3,8.4,120,1004.22
2025-04-13,Sunday,True,clear,False,False,Chicken Biryani,main,80.3,80.3,0.0,150,0.0
2025-04-13,Sunday,True,clear,False,False,Veg Salad Bowl,starter,49.7,45.5,4.1,60,248.59
2025-04-13,Sunday,True,clear,False,False,Fish Curry,main,42.9,35.1,7.9,180,1413.0
2025-04-13,Sunday,True,clear,False,False,Dal Tadka,main,83.9,68.7,15.2,70,1064.84
2025-04-13,Sunday,True,clear,False,False,Butter Naan,bread,83.9,77.2,6.7,20,134.58
2025-04-13,Sunday,True,clear,False,False,Gulab Jamun,dessert,55.8,48.0,7.8,40,310.48
2025-04-13,Sunday,True,clear,False,False,Tomato Soup,starter,50.8,40.0,10.8,45,486.43
2025-04-13,Sunday,True,clear,False,False,Mutton Rogan Josh,main,33.6,29.0,4.6,220,1018.34
2025-04-13,Sunday,True,clear,False,False,Fresh Fruit Custard,dessert,27.0,23.1,3.8,55,210.97
2025-04-14,Monday,False,clear,False,True,Paneer Butter Masala,main,71.3,53.8,17.5,120,2096.1
2025-04-14,Monday,False,clear,False,True,Chicken Biryani,main,69.8,69.8,0.0,150,0.0
2025-04-14,Monday,False,clear,False,True,Veg Salad Bowl,starter,45.9,31.7,14.1,60,846.49
2025-04-14,Monday,False,clear,False,True,Fish Curry,main,30.7,29.2,1.5,180,271.14
2025-04-14,Monday,False,clear,False,True,Dal Tadka,main,78.9,64.6,14.3,70,1000.55
2025-04-14,Monday,False,clear,False,True,Butter Naan,bread,140.1,113.3,26.8,20,536.42
2025-04-14,Monday,False,clear,False,True,Gulab Jamun,dessert,58.4,46.2,12.3,40,490.6
2025-04-14,Monday,False,clear,False,True,Tomato Soup,starter,55.8,37.9,17.9,45,805.33
2025-04-14,Monday,False,clear,False,True,Mutton Rogan Josh,main,30.0,27.9,2.1,220,457.46
2025-04-14,Monday,False,clear,False,True,Fresh Fruit Custard,dessert,39.8,29.0,10.9,55,597.69
2025-04-15,Tuesday,False,rainy,False,False,Paneer Butter Masala,main,49.3,38.8,10.6,120,1269.31
2025-04-15,Tuesday,False,rainy,False,False,Chicken Biryani,main,67.6,61.2,6.4,150,959.02
2025-04-15,Tuesday,False,rainy,False,False,Veg Salad Bowl,starter,28.1,23.9,4.2,60,252.15
2025-04-15,Tuesday,False,rainy,False,False,Fish Curry,main,22.3,20.0,2.3,180,412.41
2025-04-15,Tuesday,False,rainy,False,False,Dal Tadka,main,28.9,25.6,3.3,70,231.45
2025-04-15,Tuesday,False,rainy,False,False,Butter Naan,bread,79.1,71.0,8.1,20,162.24
2025-04-15,Tuesday,False,rainy,False,False,Gulab Jamun,dessert,43.3,36.7,6.6,40,265.8
2025-04-15,Tuesday,False,rainy,False,False,Tomato Soup,starter,33.5,27.5,6.0,45,272.11
2025-04-15,Tuesday,False,rainy,False,False,Mutton Rogan Josh,main,22.5,18.7,3.9,220,848.33
2025-04-15,Tuesday,False,rainy,False,False,Fresh Fruit Custard,dessert,26.5,21.8,4.7,55,257.95
2025-04-16,Wednesday,False,cloudy,False,False,Paneer Butter Masala,main,41.3,38.6,2.6,120,317.58
2025-04-16,Wednesday,False,cloudy,False,False,Chicken Biryani,main,69.9,69.7,0.2,150,29.58
2025-04-16,Wednesday,False,cloudy,False,False,Veg Salad Bowl,starter,36.6,31.5,5.1,60,304.68
2025-04-16,Wednesday,False,cloudy,False,False,Fish Curry,main,29.9,28.4,1.4,180,260.82
2025-04-16,Wednesday,False,cloudy,False,False,Dal Tadka,main,34.1,32.1,2.0,70,139.81
2025-04-16,Wednesday,False,cloudy,False,False,Butter Naan,bread,66.3,58.7,7.6,20,151.16
2025-04-16,Wednesday,False,cloudy,False,False,Gulab Jamun,dessert,39.7,35.7,4.0,40,160.52
2025-04-16,Wednesday,False,cloudy,False,False,Tomato Soup,starter,25.0,25.0,0.0,45,0.0
2025-04-16,Wednesday,False,cloudy,False,False,Mutton Rogan Josh,main,21.2,20.6,0.6,220,123.57
2025-04-16,Wednesday,False,cloudy,False,False,Fresh Fruit Custard,dessert,22.1,20.7,1.4,55,76.49
2025-04-17,Thursday,False,hot,False,True,Paneer Butter Masala,main,74.2,56.3,17.9,120,2150.87
2025-04-17,Thursday,False,hot,False,True,Chicken Biryani,main,97.7,81.0,16.7,150,2506.06
2025-04-17,Thursday,False,hot,False,True,Veg Salad Bowl,starter,34.9,28.3,6.7,60,400.18
2025-04-17,Thursday,False,hot,False,True,Fish Curry,main,39.5,34.3,5.2,180,944.58
2025-04-17,Thursday,False,hot,False,True,Dal Tadka,main,63.5,55.1,8.4,70,587.7
2025-04-17,Thursday,False,hot,False,True,Butter Naan,bread,151.4,118.0,33.3,20,666.95
2025-04-17,Thursday,False,hot,False,True,Gulab Jamun,dessert,60.9,47.2,13.7,40,549.38
2025-04-17,Thursday,False,hot,False,True,Tomato Soup,starter,44.1,34.8,9.2,45,415.0
2025-04-17,Thursday,False,hot,False,True,Mutton Rogan Josh,main,21.8,21.4,0.3,220,70.08
2025-04-17,Thursday,False,hot,False,True,Fresh Fruit Custard,dessert,36.2,28.0,8.2,55,450.62
2025-04-18,Friday,False,clear,False,False,Paneer Butter Masala,main,47.5,47.5,0.0,120,0.0
2025-04-18,Friday,False,clear,False,False,Chicken Biryani,main,56.1,52.7,3.4,150,508.74
2025-04-18,Friday,False,clear,False,False,Veg Salad Bowl,starter,46.2,39.1,7.0,60,422.25
2025-04-18,Friday,False,clear,False,False,Fish Curry,main,28.9,28.4,0.5,180,88.95
2025-04-18,Friday,False,clear,False,False,Dal Tadka,main,43.6,40.2,3.4,70,237.61
2025-04-18,Friday,False,clear,False,False,Butter Naan,bread,69.4,69.4,0.0,20,0.0
2025-04-18,Friday,False,clear,False,False,Gulab Jamun,dessert,40.1,34.5,5.6,40,222.65
2025-04-18,Friday,False,clear,False,False,Tomato Soup,starter,26.8,26.8,0.0,45,0.0
2025-04-18,Friday,False,clear,False,False,Mutton Rogan Josh,main,21.2,21.2,0.0,220,0.0
2025-04-18,Friday,False,clear,False,False,Fresh Fruit Custard,dessert,23.3,22.1,1.2,55,64.03
2025-04-19,Saturday,True,rainy,False,False,Paneer Butter Masala,main,47.9,37.5,10.5,120,1257.58
2025-04-19,Saturday,True,rainy,False,False,Chicken Biryani,main,86.0,68.3,17.7,150,2662.48
2025-04-19,Saturday,True,rainy,False,False,Veg Salad Bowl,starter,39.7,27.8,11.9,60,712.48
2025-04-19,Saturday,True,rainy,False,False,Fish Curry,main,43.8,32.6,11.2,180,2022.41
2025-04-19,Saturday,True,rainy,False,False,Dal Tadka,main,55.1,39.5,15.6,70,1090.58
2025-04-19,Saturday,True,rainy,False,False,Butter Naan,bread,98.7,73.5,25.2,20,503.37
2025-04-19,Saturday,True,rainy,False,False,Gulab Jamun,dessert,43.3,35.9,7.4,40,296.55
2025-04-19,Saturday,True,rainy,False,False,Tomato Soup,starter,40.3,30.4,9.9,45,445.36
2025-04-19,Saturday,True,rainy,False,False,Mutton Rogan Josh,main,29.5,21.2,8.3,220,1829.18
2025-04-19,Saturday,True,rainy,False,False,Fresh Fruit Custard,dessert,35.0,23.9,11.1,55,613.24
2025-04-20,Sunday,True,cloudy,False,False,Paneer Butter Masala,main,49.8,48.4,1.4,120,167.33
2025-04-20,Sunday,True,cloudy,False,False,Chicken Biryani,main,87.7,76.8,10.9,150,1632.88
2025-04-20,Sunday,True,cloudy,False,False,Veg Salad Bowl,starter,33.4,29.0,4.4,60,266.58
2025-04-20,Sunday,True,cloudy,False,False,Fish Curry,main,40.7,30.1,10.6,180,1903.21
2025-04-20,Sunday,True,cloudy,False,False,Dal Tadka,main,50.0,48.3,1.7,70,118.73
2025-04-20,Sunday,True,cloudy,False,False,Butter Naan,bread,157.4,122.4,35.0,20,699.82
2025-04-20,Sunday,True,cloudy,False,False,Gulab Jamun,dessert,48.2,43.0,5.2,40,207.09
2025-04-20,Sunday,True,cloudy,False,False,Tomato Soup,starter,40.6,40.6,0.0,45,0.0
2025-04-20,Sunday,True,cloudy,False,False,Mutton Rogan Josh,main,24.2,21.0,3.2,220,708.14
2025-04-20,Sunday,True,cloudy,False,False,Fresh Fruit Custard,dessert,41.1,35.2,5.9,55,325.12
2025-04-21,Monday,False,clear,False,False,Paneer Butter Masala,main,50.1,50.1,0.0,120,0.0
2025-04-21,Monday,False,clear,False,False,Chicken Biryani,main,64.5,54.9,9.6,150,1435.96
2025-04-21,Monday,False,clear,False,False,Veg Salad Bowl,starter,28.0,24.5,3.5,60,208.51
2025-04-21,Monday,False,clear,False,False,Fish Curry,main,23.2,21.9,1.3,180,231.51
2025-04-21,Monday,False,clear,False,False,Dal Tadka,main,43.7,43.7,0.0,70,0.0
2025-04-21,Monday,False,clear,False,False,Butter Naan,bread,72.8,70.6,2.3,20,45.63
2025-04-21,Monday,False,clear,False,False,Gulab Jamun,dessert,39.9,39.2,0.8,40,30.26
2025-04-21,Monday,False,clear,False,False,Tomato Soup,starter,30.9,28.2,2.6,45,117.85
2025-04-21,Monday,False,clear,False,False,Mutton Rogan Josh,main,19.3,17.7,1.6,220,353.52
2025-04-21,Monday,False,clear,False,False,Fresh Fruit Custard,dessert,30.9,24.2,6.8,55,373.16
2025-04-22,Tuesday,False,clear,False,False,Paneer Butter Masala,main,48.2,43.7,4.5,120,539.09
2025-04-22,Tuesday,False,clear,False,False,Chicken Biryani,main,51.5,51.5,0.0,150,0.0
2025-04-22,Tuesday,False,clear,False,False,Veg Salad Bowl,starter,31.9,31.9,0.0,60,0.0
2025-04-22,Tuesday,False,clear,False,False,Fish Curry,main,25.1,23.8,1.4,180,246.11
2025-04-22,Tuesday,False,clear,False,False,Dal Tadka,main,50.4,50.4,0.0,70,0.0
2025-04-22,Tuesday,False,clear,False,False,Butter Naan,bread,62.3,62.3,0.0,20,0.0
2025-04-22,Tuesday,False,clear,False,False,Gulab Jamun,dessert,29.7,29.7,0.0,40,0.0
2025-04-22,Tuesday,False,clear,False,False,Tomato Soup,starter,27.5,27.5,0.0,45,0.0
2025-04-22,Tuesday,False,clear,False,False,Mutton Rogan Josh,main,18.3,18.3,0.0,220,0.0
2025-04-22,Tuesday,False,clear,False,False,Fresh Fruit Custard,dessert,24.4,20.8,3.6,55,197.29
2025-04-23,Wednesday,False,clear,False,False,Paneer Butter Masala,main,37.8,37.8,0.0,120,0.0
2025-04-23,Wednesday,False,clear,False,False,Chicken Biryani,main,61.3,57.2,4.2,150,625.09
2025-04-23,Wednesday,False,clear,False,False,Veg Salad Bowl,starter,28.3,26.7,1.6,60,93.16
2025-04-23,Wednesday,False,clear,False,False,Fish Curry,main,20.2,18.9,1.3,180,230.66
2025-04-23,Wednesday,False,clear,False,False,Dal Tadka,main,49.1,49.1,0.0,70,0.0
2025-04-23,Wednesday,False,clear,False,False,Butter Naan,bread,97.4,97.4,0.0,20,0.0
2025-04-23,Wednesday,False,clear,False,False,Gulab Jamun,dessert,36.9,35.9,1.0,40,38.86
2025-04-23,Wednesday,False,clear,False,False,Tomato Soup,starter,28.6,27.7,1.0,45,44.12
2025-04-23,Wednesday,False,clear,False,False,Mutton Rogan Josh,main,22.3,20.3,2.0,220,445.08
2025-04-23,Wednesday,False,clear,False,False,Fresh Fruit Custard,dessert,27.2,25.6,1.5,55,84.33
2025-04-24,Thursday,False,hot,False,False,Paneer Butter Masala,main,43.7,43.7,0.0,120,0.0
2025-04-24,Thursday,False,hot,False,False,Chicken Biryani,main,75.0,62.2,12.8,150,1924.47
2025-04-24,Thursday,False,hot,False,False,Veg Salad Bowl,starter,29.6,29.6,0.0,60,0.0
2025-04-24,Thursday,False,hot,False,False,Fish Curry,main,26.9,23.4,3.6,180,645.23
2025-04-24,Thursday,False,hot,False,False,Dal Tadka,main,49.9,48.0,1.9,70,135.41
2025-04-24,Thursday,False,hot,False,False,Butter Naan,bread,94.1,89.7,4.4,20,88.15
2025-04-24,Thursday,False,hot,False,False,Gulab Jamun,dessert,44.4,40.1,4.2,40,169.7
2025-04-24,Thursday,False,hot,False,False,Tomato Soup,starter,35.6,33.1,2.5,45,111.75
2025-04-24,Thursday,False,hot,False,False,Mutton Rogan Josh,main,22.3,22.2,0.1,220,22.89
2025-04-24,Thursday,False,hot,False,False,Fresh Fruit Custard,dessert,24.6,20.4,4.2,55,229.85
2025-04-25,Friday,False,cloudy,False,False,Paneer Butter Masala,main,40.6,40.6,0.0,120,0.0
2025-04-25,Friday,False,cloudy,False,False,Chicken Biryani,main,62.9,55.1,7.9,150,1179.25
2025-04-25,Friday,False,cloudy,False,False,Veg Salad Bowl,starter,32.0,32.0,0.0,60,0.0
2025-04-25,Friday,False,cloudy,False,False,Fish Curry,main,29.2,24.4,4.9,180,875.49
2025-04-25,Friday,False,cloudy,False,False,Dal Tadka,main,43.8,43.8,0.0,70,0.0
2025-04-25,Friday,False,cloudy,False,False,Butter Naan,bread,104.6,98.2,6.4,20,127.89
2025-04-25,Friday,False,cloudy,False,False,Gulab Jamun,dessert,34.7,34.7,0.0,40,0.0
2025-04-25,Friday,False,cloudy,False,False,Tomato Soup,starter,31.6,31.6,0.0,45,0.0
2025-04-25,Friday,False,cloudy,False,False,Mutton Rogan Josh,main,24.5,22.8,1.7,220,373.85
2025-04-25,Friday,False,cloudy,False,False,Fresh Fruit Custard,dessert,24.3,22.6,1.6,55,90.1
2025-04-26,Saturday,True,cloudy,False,True,Paneer Butter Masala,main,77.9,60.5,17.5,120,2097.39
2025-04-26,Saturday,True,cloudy,False,True,Chicken Biryani,main,107.8,74.7,33.1,150,4962.41
2025-04-26,Saturday,True,cloudy,False,True,Veg Salad Bowl,starter,79.5,54.5,25.0,60,1499.75
2025-04-26,Saturday,True,cloudy,False,True,Fish Curry,main,60.4,44.3,16.1,180,2900.16
2025-04-26,Saturday,True,cloudy,False,True,Dal Tadka,main,113.5,83.1,30.3,70,2123.59
2025-04-26,Saturday,True,cloudy,False,True,Butter Naan,bread,168.6,127.1,41.4,20,828.92
2025-04-26,Saturday,True,cloudy,False,True,Gulab Jamun,dessert,87.2,73.4,13.8,40,553.19
2025-04-26,Saturday,True,cloudy,False,True,Tomato Soup,starter,60.5,50.1,10.4,45,467.91
2025-04-26,Saturday,True,cloudy,False,True,Mutton Rogan Josh,main,44.4,33.3,11.1,220,2434.02
2025-04-26,Saturday,True,cloudy,False,True,Fresh Fruit Custard,dessert,40.5,27.8,12.6,55,694.89
2025-04-27,Sunday,True,clear,True,False,Paneer Butter Masala,main,157.4,95.1,62.3,120,7480.69
2025-04-27,Sunday,True,clear,True,False,Chicken Biryani,main,212.5,140.0,72.5,150,10867.85
2025-04-27,Sunday,True,clear,True,False,Veg Salad Bowl,starter,108.5,65.2,43.3,60,2599.46
2025-04-27,Sunday,True,clear,True,False,Fish Curry,main,106.2,64.9,41.3,180,7430.29
2025-04-27,Sunday,True,clear,True,False,Dal Tadka,main,128.8,86.2,42.6,70,2979.47
2025-04-27,Sunday,True,clear,True,False,Butter Naan,bread,227.1,181.9,45.2,20,904.61
2025-04-27,Sunday,True,clear,True,False,Gulab Jamun,dessert,139.7,79.9,59.8,40,2392.94
2025-04-27,Sunday,True,clear,True,False,Tomato Soup,starter,108.8,65.1,43.7,45,1967.08
2025-04-27,Sunday,True,clear,True,False,Mutton Rogan Josh,main,65.0,44.1,20.8,220,4577.85
2025-04-27,Sunday,True,clear,True,False,Fresh Fruit Custard,dessert,70.1,49.7,20.4,55,1124.56
2025-04-28,Monday,False,cloudy,True,False,Paneer Butter Masala,main,91.6,74.5,17.1,120,2049.69
2025-04-28,Monday,False,cloudy,True,False,Chicken Biryani,main,129.2,98.2,31.0,150,4652.52
2025-04-28,Monday,False,cloudy,True,False,Veg Salad Bowl,starter,70.2,50.0,20.2,60,1213.63
2025-04-28,Monday,False,cloudy,True,False,Fish Curry,main,60.8,44.8,16.1,180,2892.69
2025-04-28,Monday,False,cloudy,True,False,Dal Tadka,main,113.9,84.2,29.7,70,2078.26
2025-04-28,Monday,False,cloudy,True,False,Butter Naan,bread,168.2,137.6,30.6,20,612.74
2025-04-28,Monday,False,cloudy,True,False,Gulab Jamun,dessert,97.3,70.5,26.8,40,1071.66
2025-04-28,Monday,False,cloudy,True,False,Tomato Soup,starter,57.0,48.6,8.4,45,376.33
2025-04-28,Monday,False,cloudy,True,False,Mutton Rogan Josh,main,42.2,28.8,13.3,220,2929.55
2025-04-28,Monday,False,cloudy,True,False,Fresh Fruit Custard,dessert,41.9,36.4,5.5,55,303.96
2025-04-29,Tuesday,False,clear,False,False,Paneer Butter Masala,main,48.1,46.8,1.3,120,155.63
2025-04-29,Tuesday,False,clear,False,False,Chicken Biryani,main,63.2,56.4,6.9,150,1028.47
2025-04-29,Tuesday,False,clear,False,False,Veg Salad Bowl,starter,26.8,26.8,0.0,60,0.0
2025-04-29,Tuesday,False,clear,False,False,Fish Curry,main,27.3,24.4,2.9,180,524.99
2025-04-29,Tuesday,False,clear,False,False,Dal Tadka,main,37.8,37.8,0.0,70,0.0
2025-04-29,Tuesday,False,clear,False,False,Butter Naan,bread,87.9,87.9,0.0,20,0.0
2025-04-29,Tuesday,False,clear,False,False,Gulab Jamun,dessert,33.4,33.4,0.0,40,0.0
2025-04-29,Tuesday,False,clear,False,False,Tomato Soup,starter,26.9,25.7,1.1,45,51.35
2025-04-29,Tuesday,False,clear,False,False,Mutton Rogan Josh,main,22.2,22.2,0.0,220,0.0
2025-04-29,Tuesday,False,clear,False,False,Fresh Fruit Custard,dessert,26.4,26.4,0.1,55,2.83
2025-04-30,Wednesday,False,rainy,False,False,Paneer Butter Masala,main,39.5,34.9,4.6,120,555.02
2025-04-30,Wednesday,False,rainy,False,False,Chicken Biryani,main,59.7,45.9,13.9,150,2079.65
2025-04-30,Wednesday,False,rainy,False,False,Veg Salad Bowl,starter,33.8,30.0,3.8,60,227.17
2025-04-30,Wednesday,False,rainy,False,False,Fish Curry,main,25.6,21.1,4.4,180,794.04
2025-04-30,Wednesday,False,rainy,False,False,Dal Tadka,main,39.3,33.7,5.6,70,389.0
2025-04-30,Wednesday,False,rainy,False,False,Butter Naan,bread,86.1,68.0,18.1,20,361.73
2025-04-30,Wednesday,False,rainy,False,False,Gulab Jamun,dessert,39.1,34.1,5.1,40,202.9
2025-04-30,Wednesday,False,rainy,False,False,Tomato Soup,starter,29.2,23.2,6.0,45,269.75
2025-04-30,Wednesday,False,rainy,False,False,Mutton Rogan Josh,main,19.5,15.8,3.7,220,819.16
2025-04-30,Wednesday,False,rainy,False,False,Fresh Fruit Custard,dessert,20.7,18.5,2.1,55,118.21
2025-05-01,Thursday,False,rainy,False,False,Paneer Butter Masala,main,44.7,33.4,11.4,120,1363.19
2025-05-01,Thursday,False,rainy,False,False,Chicken Biryani,main,52.7,43.9,8.9,150,1331.67
2025-05-01,Thursday,False,rainy,False,False,Veg Salad Bowl,starter,36.2,32.8,3.4,60,202.97
2025-05-01,Thursday,False,rainy,False,False,Fish Curry,main,21.7,16.4,5.3,180,955.63
2025-05-01,Thursday,False,rainy,False,False,Dal Tadka,main,40.2,34.5,5.8,70,405.34
2025-05-01,Thursday,False,rainy,False,False,Butter Naan,bread,74.9,63.2,11.7,20,233.77
2025-05-01,Thursday,False,rainy,False,False,Gulab Jamun,dessert,30.7,26.4,4.3,40,171.86
2025-05-01,Thursday,False,rainy,False,False,Tomato Soup,starter,27.6,25.1,2.5,45,111.31
2025-05-01,Thursday,False,rainy,False,False,Mutton Rogan Josh,main,17.9,15.6,2.3,220,504.3
2025-05-01,Thursday,False,rainy,False,False,Fresh Fruit Custard,dessert,18.1,15.5,2.6,55,144.1
2025-05-02,Friday,False,clear,False,False,Paneer Butter Masala,main,40.0,38.7,1.3,120,154.88
2025-05-02,Friday,False,clear,False,False,Chicken Biryani,main,54.8,50.7,4.1,150,620.74
2025-05-02,Friday,False,clear,False,False,Veg Salad Bowl,starter,35.7,35.2,0.6,60,33.35
2025-05-02,Friday,False,clear,False,False,Fish Curry,main,27.2,26.5,0.8,180,142.25
2025-05-02,Friday,False,clear,False,False,Dal Tadka,main,53.9,47.0,6.9,70,485.88
2025-05-02,Friday,False,clear,False,False,Butter Naan,bread,84.9,84.9,0.0,20,0.0
2025-05-02,Friday,False,clear,False,False,Gulab Jamun,dessert,41.8,36.9,4.9,40,194.26
2025-05-02,Friday,False,clear,False,False,Tomato Soup,starter,30.8,27.3,3.5,45,157.28
2025-05-02,Friday,False,clear,False,False,Mutton Rogan Josh,main,18.3,18.3,0.0,220,0.0
2025-05-02,Friday,False,clear,False,False,Fresh Fruit Custard,dessert,22.4,22.4,0.0,55,0.0
2025-05-03,Saturday,True,clear,False,True,Paneer Butter Masala,main,64.7,52.0,12.7,120,1518.67
2025-05-03,Saturday,True,clear,False,True,Chicken Biryani,main,111.2,81.3,29.9,150,4489.19
2025-05-03,Saturday,True,clear,False,True,Veg Salad Bowl,starter,75.6,48.4,27.2,60,1632.92
2025-05-03,Saturday,True,clear,False,True,Fish Curry,main,68.4,47.0,21.4,180,3854.83
2025-05-03,Saturday,True,clear,False,True,Dal Tadka,main,109.2,77.3,31.9,70,2234.25
2025-05-03,Saturday,True,clear,False,True,Butter Naan,bread,175.9,121.0,54.9,20,1097.23
2025-05-03,Saturday,True,clear,False,True,Gulab Jamun,dessert,75.3,51.2,24.2,40,966.76
2025-05-03,Saturday,True,clear,False,True,Tomato Soup,starter,76.6,54.0,22.6,45,1016.57
2025-05-03,Saturday,True,clear,False,True,Mutton Rogan Josh,main,47.1,33.0,14.0,220,3083.04
2025-05-03,Saturday,True,clear,False,True,Fresh Fruit Custard,dessert,35.2,24.4,10.8,55,595.41
2025-05-04,Sunday,True,rainy,False,False,Paneer Butter Masala,main,66.1,49.8,16.3,120,1953.91
2025-05-04,Sunday,True,rainy,False,False,Chicken Biryani,main,71.4,54.5,16.9,150,2533.28
2025-05-04,Sunday,True,rainy,False,False,Veg Salad Bowl,starter,47.5,34.7,12.8,60,765.14
2025-05-04,Sunday,True,rainy,False,False,Fish Curry,main,42.8,29.2,13.5,180,2433.33
2025-05-04,Sunday,True,rainy,False,False,Dal Tadka,main,60.1,44.9,15.2,70,1064.26
2025-05-04,Sunday,True,rainy,False,False,Butter Naan,bread,119.6,106.0,13.6,20,271.84
2025-05-04,Sunday,True,rainy,False,False,Gulab Jamun,dessert,52.0,41.0,11.0,40,439.36
2025-05-04,Sunday,True,rainy,False,False,Tomato Soup,starter,38.3,30.7,7.6,45,342.13
2025-05-04,Sunday,True,rainy,False,False,Mutton Rogan Josh,main,34.3,22.5,11.8,220,2601.29
2025-05-04,Sunday,True,rainy,False,False,Fresh Fruit Custard,dessert,26.4,21.4,5.0,55,274.13
2025-05-05,Monday,False,hot,False,False,Paneer Butter Masala,main,39.0,37.8,1.2,120,149.05
2025-05-05,Monday,False,hot,False,False,Chicken Biryani,main,52.3,52.3,0.0,150,0.0
2025-05-05,Monday,False,hot,False,False,Veg Salad Bowl,starter,36.8,29.2,7.7,60,459.12
2025-05-05,Monday,False,hot,False,False,Fish Curry,main,29.2,29.2,0.0,180,0.0
2025-05-05,Monday,False,hot,False,False,Dal Tadka,main,48.5,48.5,0.0,70,0.0
2025-05-05,Monday,False,hot,False,False,Butter Naan,bread,68.8,62.9,5.8,20,116.3
2025-05-05,Monday,False,hot,False,False,Gulab Jamun,dessert,44.5,39.9,4.6,40,185.32
2025-05-05,Monday,False,hot,False,False,Tomato Soup,starter,27.2,26.4,0.8,45,36.93
2025-05-05,Monday,False,hot,False,False,Mutton Rogan Josh,main,23.2,21.8,1.4,220,298.59
2025-05-05,Monday,False,hot,False,False,Fresh Fruit Custard,dessert,21.0,21.0,0.0,55,0.0
2025-05-06,Tuesday,False,clear,False,False,Paneer Butter Masala,main,37.3,34.3,3.0,120,361.24
2025-05-06,Tuesday,False,clear,False,False,Chicken Biryani,main,62.1,57.2,4.9,150,742.12
2025-05-06,Tuesday,False,clear,False,False,Veg Salad Bowl,starter,33.1,33.1,0.0,60,0.0
2025-05-06,Tuesday,False,clear,False,False,Fish Curry,main,20.3,20.1,0.1,180,18.8
2025-05-06,Tuesday,False,clear,False,False,Dal Tadka,main,49.8,49.8,0.0,70,0.0
2025-05-06,Tuesday,False,clear,False,False,Butter Naan,bread,73.3,73.3,0.0,20,0.0
2025-05-06,Tuesday,False,clear,False,False,Gulab Jamun,dessert,46.5,42.4,4.2,40,166.12
2025-05-06,Tuesday,False,clear,False,False,Tomato Soup,starter,34.4,30.6,3.9,45,173.29
2025-05-06,Tuesday,False,clear,False,False,Mutton Rogan Josh,main,21.6,21.4,0.2,220,46.42
2025-05-06,Tuesday,False,clear,False,False,Fresh Fruit Custard,dessert,22.1,21.6,0.5,55,28.16
2025-05-07,Wednesday,False,clear,False,True,Paneer Butter Masala,main,60.5,47.2,13.3,120,1592.11
2025-05-07,Wednesday,False,clear,False,True,Chicken Biryani,main,82.9,60.4,22.5,150,3374.9
2025-05-07,Wednesday,False,clear,False,True,Veg Salad Bowl,starter,45.1,34.5,10.5,60,632.45
2025-05-07,Wednesday,False,clear,False,True,Fish Curry,main,45.4,35.2,10.2,180,1830.25
2025-05-07,Wednesday,False,clear,False,True,Dal Tadka,main,69.5,56.9,12.6,70,880.27
2025-05-07,Wednesday,False,clear,False,True,Butter Naan,bread,114.6,99.3,15.3,20,306.26
2025-05-07,Wednesday,False,clear,False,True,Gulab Jamun,dessert,56.9,41.4,15.5,40,621.83
2025-05-07,Wednesday,False,clear,False,True,Tomato Soup,starter,40.3,34.5,5.8,45,259.19
2025-05-07,Wednesday,False,clear,False,True,Mutton Rogan Josh,main,31.4,23.5,7.9,220,1745.25
2025-05-07,Wednesday,False,clear,False,True,Fresh Fruit Custard,dessert,39.1,29.7,9.4,55,517.49
2025-05-08,Thursday,False,cloudy,False,False,Paneer Butter Masala,main,37.4,36.9,0.5,120,59.81
2025-05-08,Thursday,False,cloudy,False,False,Chicken Biryani,main,67.3,61.4,5.9,150,890.53
2025-05-08,Thursday,False,cloudy,False,False,Veg Salad Bowl,starter,26.5,26.5,0.0,60,0.0
2025-05-08,Thursday,False,cloudy,False,False,Fish Curry,main,30.3,25.3,4.9,180,888.92
2025-05-08,Thursday,False,cloudy,False,False,Dal Tadka,main,36.1,34.7,1.5,70,103.62
2025-05-08,Thursday,False,cloudy,False,False,Butter Naan,bread,66.8,66.8,0.0,20,0.0
2025-05-08,Thursday,False,cloudy,False,False,Gulab Jamun,dessert,33.5,33.5,0.0,40,0.0
2025-05-08,Thursday,False,cloudy,False,False,Tomato Soup,starter,27.4,26.2,1.2,45,53.78
2025-05-08,Thursday,False,cloudy,False,False,Mutton Rogan Josh,main,18.7,18.7,0.0,220,0.0
2025-05-08,Thursday,False,cloudy,False,False,Fresh Fruit Custard,dessert,27.0,24.1,3.0,55,163.87
2025-05-09,Friday,False,cloudy,False,False,Paneer Butter Masala,main,45.2,41.4,3.8,120,452.32
2025-05-09,Friday,False,cloudy,False,False,Chicken Biryani,main,49.4,48.2,1.2,150,186.17
2025-05-09,Friday,False,cloudy,False,False,Veg Salad Bowl,starter,35.8,29.6,6.2,60,373.57
2025-05-09,Friday,False,cloudy,False,False,Fish Curry,main,30.8,30.8,0.0,180,0.0
2025-05-09,Friday,False,cloudy,False,False,Dal Tadka,main,58.5,58.5,0.0,70,0.0
2025-05-09,Friday,False,cloudy,False,False,Butter Naan,bread,97.3,89.4,7.9,20,158.11
2025-05-09,Friday,False,cloudy,False,False,Gulab Jamun,dessert,33.0,30.8,2.2,40,87.09
2025-05-09,Friday,False,cloudy,False,False,Tomato Soup,starter,30.2,27.6,2.5,45,113.61
2025-05-09,Friday,False,cloudy,False,False,Mutton Rogan Josh,main,23.2,20.6,2.6,220,581.41
2025-05-09,Friday,False,cloudy,False,False,Fresh Fruit Custard,dessert,23.2,22.2,1.0,55,55.88
2025-05-10,Saturday,True,hot,False,True,Paneer Butter Masala,main,96.3,73.4,22.9,120,2743.53
2025-05-10,Saturday,True,hot,False,True,Chicken Biryani,main,106.5,81.2,25.4,150,3805.5
2025-05-10,Saturday,True,hot,False,True,Veg Salad Bowl,starter,70.0,46.9,23.1,60,1386.96
2025-05-10,Saturday,True,hot,False,True,Fish Curry,main,65.2,47.1,18.0,180,3245.86
2025-05-10,Saturday,True,hot,False,True,Dal Tadka,main,135.2,89.0,46.3,70,3238.66
2025-05-10,Saturday,True,hot,False,True,Butter Naan,bread,176.5,138.9,37.6,20,751.9
2025-05-10,Saturday,True,hot,False,True,Gulab Jamun,dessert,96.4,70.2,26.2,40,1048.54
2025-05-10,Saturday,True,hot,False,True,Tomato Soup,starter,65.1,48.0,17.1,45,770.78
2025-05-10,Saturday,True,hot,False,True,Mutton Rogan Josh,main,36.7,30.1,6.6,220,1444.91
2025-05-10,Saturday,True,hot,False,True,Fresh Fruit Custard,dessert,52.8,39.9,12.8,55,706.61
2025-05-11,Sunday,True,clear,False,False,Paneer Butter Masala,main,56.6,45.9,10.7,120,1284.01
2025-05-11,Sunday,True,clear,False,False,Chicken Biryani,main,103.8,87.9,15.9,150,2386.78
2025-05-11,Sunday,True,clear,False,False,Veg Salad Bowl,starter,44.5,43.3,1.2,60,70.85
2025-05-11,Sunday,True,clear,False,False,Fish Curry,main,34.0,31.0,3.0,180,540.99
2025-05-11,Sunday,True,clear,False,False,Dal Tadka,main,55.4,46.9,8.5,70,594.5
2025-05-11,Sunday,True,clear,False,False,Butter Naan,bread,81.9,78.9,2.9,20,58.88
2025-05-11,Sunday,True,clear,False,False,Gulab Jamun,dessert,48.7,44.2,4.5,40,179.52
2025-05-11,Sunday,True,clear,False,False,Tomato Soup,starter,48.5,39.6,8.9,45,399.53
2025-05-11,Sunday,True,clear,False,False,Mutton Rogan Josh,main,37.4,29.9,7.5,220,1651.02
2025-05-11,Sunday,True,clear,False,False,Fresh Fruit Custard,dessert,40.9,33.8,7.1,55,389.65
2025-05-12,Monday,False,clear,False,False,Paneer Butter Masala,main,40.8,40.7,0.1,120,10.31
2025-05-12,Monday,False,clear,False,False,Chicken Biryani,main,52.8,52.8,0.0,150,0.0
2025-05-12,Monday,False,clear,False,False,Veg Salad Bowl,starter,33.0,31.5,1.5,60,89.0
2025-05-12,Monday,False,clear,False,False,Fish Curry,main,23.0,23.0,0.0,180,0.0
2025-05-12,Monday,False,clear,False,False,Dal Tadka,main,42.3,38.5,3.8,70,268.91
2025-05-12,Monday,False,clear,False,False,Butter Naan,bread,80.8,80.8,0.0,20,0.0
2025-05-12,Monday,False,clear,False,False,Gulab Jamun,dessert,38.4,38.4,0.0,40,0.0
2025-05-12,Monday,False,clear,False,False,Tomato Soup,starter,26.3,23.3,3.0,45,136.55
2025-05-12,Monday,False,clear,False,False,Mutton Rogan Josh,main,18.7,18.7,0.0,220,0.0
2025-05-12,Monday,False,clear,False,False,Fresh Fruit Custard,dessert,25.6,22.1,3.5,55,190.78
2025-05-13,Tuesday,False,cloudy,False,False,Paneer Butter Masala,main,42.6,42.6,0.0,120,0.0
2025-05-13,Tuesday,False,cloudy,False,False,Chicken Biryani,main,69.1,67.5,1.7,150,252.05
2025-05-13,Tuesday,False,cloudy,False,False,Veg Salad Bowl,starter,23.8,22.0,1.9,60,112.18
2025-05-13,Tuesday,False,cloudy,False,False,Fish Curry,main,36.5,30.8,5.6,180,1012.21
2025-05-13,Tuesday,False,cloudy,False,False,Dal Tadka,main,54.9,54.9,0.0,70,0.0
2025-05-13,Tuesday,False,cloudy,False,False,Butter Naan,bread,88.8,88.8,0.0,20,0.0
2025-05-13,Tuesday,False,cloudy,False,False,Gulab Jamun,dessert,35.9,35.9,0.0,40,0.0
2025-05-13,Tuesday,False,cloudy,False,False,Tomato Soup,starter,25.8,25.8,0.0,45,0.0
2025-05-13,Tuesday,False,cloudy,False,False,Mutton Rogan Josh,main,24.3,22.2,2.1,220,467.84
2025-05-13,Tuesday,False,cloudy,False,False,Fresh Fruit Custard,dessert,22.7,22.7,0.0,55,0.0
2025-05-14,Wednesday,False,cloudy,False,False,Paneer Butter Masala,main,50.0,44.2,5.9,120,702.66
2025-05-14,Wednesday,False,cloudy,False,False,Chicken Biryani,main,62.0,62.0,0.0,150,0.0
2025-05-14,Wednesday,False,cloudy,False,False,Veg Salad Bowl,starter,20.1,20.1,0.0,60,0.0
2025-05-14,Wednesday,False,cloudy,False,False,Fish Curry,main,29.7,29.3,0.5,180,85.83
2025-05-14,Wednesday,False,cloudy,False,False,Dal Tadka,main,47.3,40.9,6.3,70,441.52
2025-05-14,Wednesday,False,cloudy,False,False,Butter Naan,bread,93.2,92.1,1.1,20,22.07
2025-05-14,Wednesday,False,cloudy,False,False,Gulab Jamun,dessert,34.4,33.8,0.6,40,25.82
2025-05-14,Wednesday,False,cloudy,False,False,Tomato Soup,starter,33.9,28.8,5.1,45,231.38
2025-05-14,Wednesday,False,cloudy,False,False,Mutton Rogan Josh,main,22.9,21.0,1.9,220,415.27
2025-05-14,Wednesday,False,cloudy,False,False,Fresh Fruit Custard,dessert,25.1,25.1,0.0,55,0.0
2025-05-15,Thursday,False,clear,False,False,Paneer Butter Masala,main,38.4,38.4,0.0,120,0.0
2025-05-15,Thursday,False,clear,False,False,Chicken Biryani,main,41.0,41.0,0.0,150,0.0
2025-05-15,Thursday,False,clear,False,False,Veg Salad Bowl,starter,34.0,31.9,2.1,60,123.7
2025-05-15,Thursday,False,clear,False,False,Fish Curry,main,31.0,25.6,5.5,180,983.75
2025-05-15,Thursday,False,clear,False,False,Dal Tadka,main,38.8,38.1,0.7,70,47.43
2025-05-15,Thursday,False,clear,False,False,Butter Naan,bread,82.9,82.9,0.0,20,0.0
2025-05-15,Thursday,False,clear,False,False,Gulab Jamun,dessert,35.1,35.1,0.0,40,0.0
2025-05-15,Thursday,False,clear,False,False,Tomato Soup,starter,32.7,32.7,0.0,45,0.0
2025-05-15,Thursday,False,clear,False,False,Mutton Rogan Josh,main,25.6,24.9,0.7,220,149.53
2025-05-15,Thursday,False,clear,False,False,Fresh Fruit Custard,dessert,26.1,24.7,1.4,55,75.41
2025-05-16,Friday,False,clear,False,False,Paneer Butter Masala,main,43.1,40.6,2.5,120,298.59
2025-05-16,Friday,False,clear,False,False,Chicken Biryani,main,50.6,49.8,0.7,150,110.21
2025-05-16,Friday,False,clear,False,False,Veg Salad Bowl,starter,34.7,27.8,6.9,60,415.54
2025-05-16,Friday,False,clear,False,False,Fish Curry,main,29.2,24.7,4.4,180,800.39
2025-05-16,Friday,False,clear,False,False,Dal Tadka,main,45.8,43.9,1.8,70,126.6
2025-05-16,Friday,False,clear,False,False,Butter Naan,bread,67.3,67.3,0.0,20,0.0
2025-05-16,Friday,False,clear,False,False,Gulab Jamun,dessert,41.7,35.9,5.8,40,230.64
2025-05-16,Friday,False,clear,False,False,Tomato Soup,starter,33.4,28.7,4.6,45,207.85
2025-05-16,Friday,False,clear,False,False,Mutton Rogan Josh,main,25.1,21.5,3.5,220,777.55
2025-05-16,Friday,False,clear,False,False,Fresh Fruit Custard,dessert,27.6,21.8,5.7,55,315.6
2025-05-17,Saturday,True,clear,False,False,Paneer Butter Masala,main,64.9,46.2,18.7,120,2248.76
2025-05-17,Saturday,True,clear,False,False,Chicken Biryani,main,93.3,81.6,11.7,150,1756.52
2025-05-17,Saturday,True,clear,False,False,Veg Salad Bowl,starter,59.2,46.6,12.6,60,758.05
2025-05-17,Saturday,True,clear,False,False,Fish Curry,main,43.9,41.7,2.1,180,385.99
2025-05-17,Saturday,True,clear,False,False,Dal Tadka,main,66.3,58.8,7.5,70,521.67
2025-05-17,Saturday,True,clear,False,False,Butter Naan,bread,103.7,82.4,21.3,20,425.95
2025-05-17,Saturday,True,clear,False,False,Gulab Jamun,dessert,57.1,45.7,11.4,40,456.84
2025-05-17,Saturday,True,clear,False,False,Tomato Soup,starter,56.3,48.5,7.8,45,351.91
2025-05-17,Saturday,True,clear,False,False,Mutton Rogan Josh,main,30.5,25.6,4.9,220,1078.34
2025-05-17,Saturday,True,clear,False,False,Fresh Fruit Custard,dessert,38.4,33.2,5.2,55,283.45
2025-05-18,Sunday,True,cloudy,False,False,Paneer Butter Masala,main,56.5,56.5,0.0,120,0.0
2025-05-18,Sunday,True,cloudy,False,False,Chicken Biryani,main,83.4,63.3,20.0,150,3003.03
2025-05-18,Sunday,True,cloudy,False,False,Veg Salad Bowl,starter,48.0,42.5,5.6,60,335.02
2025-05-18,Sunday,True,cloudy,False,False,Fish Curry,main,39.7,33.1,6.7,180,1197.72
2025-05-18,Sunday,True,cloudy,False,False,Dal Tadka,main,68.9,66.1,2.8,70,198.38
2025-05-18,Sunday,True,cloudy,False,False,Butter Naan,bread,115.1,97.1,18.0,20,359.92
2025-05-18,Sunday,True,cloudy,False,False,Gulab Jamun,dessert,57.6,46.7,10.9,40,436.93
2025-05-18,Sunday,True,cloudy,False,False,Tomato Soup,starter,39.6,32.2,7.4,45,332.26
2025-05-18,Sunday,True,cloudy,False,False,Mutton Rogan Josh,main,37.4,30.5,6.9,220,1517.99
2025-05-18,Sunday,True,cloudy,False,False,Fresh Fruit Custard,dessert,36.3,30.2,6.1,55,333.35
2025-05-19,Monday,False,rainy,False,False,Paneer Butter Masala,main,45.9,39.1,6.8,120,815.9
2025-05-19,Monday,False,rainy,False,False,Chicken Biryani,main,47.1,41.8,5.4,150,806.32
2025-05-19,Monday,False,rainy,False,False,Veg Salad Bowl,starter,30.5,26.1,4.4,60,264.79
2025-05-19,Monday,False,rainy,False,False,Fish Curry,main,28.1,22.5,5.6,180,1012.72
2025-05-19,Monday,False,rainy,False,False,Dal Tadka,main,55.2,42.3,12.8,70,898.55
2025-05-19,Monday,False,rainy,False,False,Butter Naan,bread,81.7,76.1,5.6,20,111.61
2025-05-19,Monday,False,rainy,False,False,Gulab Jamun,dessert,31.1,26.5,4.6,40,183.39
2025-05-19,Monday,False,rainy,False,False,Tomato Soup,starter,24.5,22.5,1.9,45,87.3
2025-05-19,Monday,False,rainy,False,False,Mutton Rogan Josh,main,18.3,16.1,2.2,220,478.87
2025-05-19,Monday,False,rainy,False,False,Fresh Fruit Custard,dessert,20.3,17.2,3.1,55,169.67
2025-05-20,Tuesday,False,rainy,False,False,Paneer Butter Masala,main,53.0,44.1,8.9,120,1064.2
2025-05-20,Tuesday,False,rainy,False,False,Chicken Biryani,main,53.0,45.1,7.9,150,1187.1
2025-05-20,Tuesday,False,rainy,False,False,Veg Salad Bowl,starter,32.8,26.3,6.5,60,389.48
2025-05-20,Tuesday,False,rainy,False,False,Fish Curry,main,29.7,26.5,3.2,180,567.89
2025-05-20,Tuesday,False,rainy,False,False,Dal Tadka,main,50.2,42.2,8.0,70,559.53
2025-05-20,Tuesday,False,rainy,False,False,Butter Naan,bread,68.0,55.2,12.8,20,255.51
2025-05-20,Tuesday,False,rainy,False,False,Gulab Jamun,dessert,37.7,34.3,3.4,40,135.84
2025-05-20,Tuesday,False,rainy,False,False,Tomato Soup,starter,24.5,23.8,0.7,45,32.16
2025-05-20,Tuesday,False,rainy,False,False,Mutton Rogan Josh,main,18.5,14.4,4.0,220,885.63
2025-05-20,Tuesday,False,rainy,False,False,Fresh Fruit Custard,dessert,19.5,17.7,1.8,55,99.68
2025-05-21,Wednesday,False,clear,False,True,Paneer Butter Masala,main,61.7,47.2,14.5,120,1743.85
2025-05-21,Wednesday,False,clear,False,True,Chicken Biryani,main,67.2,59.2,8.1,150,1209.41
2025-05-21,Wednesday,False,clear,False,True,Veg Salad Bowl,starter,51.6,38.2,13.5,60,807.4
2025-05-21,Wednesday,False,clear,False,True,Fish Curry,main,42.5,35.9,6.6,180,1185.51
2025-05-21,Wednesday,False,clear,False,True,Dal Tadka,main,71.6,62.6,9.0,70,628.45
2025-05-21,Wednesday,False,clear,False,True,Butter Naan,bread,134.1,121.9,12.2,20,244.44
2025-05-21,Wednesday,False,clear,False,True,Gulab Jamun,dessert,59.1,50.7,8.4,40,335.6
2025-05-21,Wednesday,False,clear,False,True,Tomato Soup,starter,56.7,43.5,13.2,45,594.27
2025-05-21,Wednesday,False,clear,False,True,Mutton Rogan Josh,main,25.9,22.0,3.9,220,862.59
2025-05-21,Wednesday,False,clear,False,True,Fresh Fruit Custard,dessert,41.1,30.1,11.0,55,605.64
2025-05-22,Thursday,False,clear,False,False,Paneer Butter Masala,main,45.6,43.6,2.0,120,240.44
2025-05-22,Thursday,False,clear,False,False,Chicken Biryani,main,46.5,46.5,0.0,150,0.0
2025-05-22,Thursday,False,clear,False,False,Veg Salad Bowl,starter,35.7,30.8,4.9,60,291.66
2025-05-22,Thursday,False,clear,False,False,Fish Curry,main,33.3,29.8,3.4,180,620.43
2025-05-22,Thursday,False,clear,False,False,Dal Tadka,main,50.3,46.6,3.8,70,264.28
2025-05-22,Thursday,False,clear,False,False,Butter Naan,bread,73.6,73.6,0.0,20,0.0
2025-05-22,Thursday,False,clear,False,False,Gulab Jamun,dessert,31.5,31.5,0.0,40,0.0
2025-05-22,Thursday,False,clear,False,False,Tomato Soup,starter,30.9,29.1,1.8,45,79.29
2025-05-22,Thursday,False,clear,False,False,Mutton Rogan Josh,main,23.3,21.7,1.6,220,357.23
2025-05-22,Thursday,False,clear,False,False,Fresh Fruit Custard,dessert,25.1,22.6,2.4,55,133.49
2025-05-23,Friday,False,rainy,False,False,Paneer Butter Masala,main,37.9,31.0,6.8,120,819.56
2025-05-23,Friday,False,rainy,False,False,Chicken Biryani,main,56.2,50.5,5.7,150,848.78
2025-05-23,Friday,False,rainy,False,False,Veg Salad Bowl,starter,29.4,25.7,3.7,60,223.05
2025-05-23,Friday,False,rainy,False,False,Fish Curry,main,21.7,19.9,1.8,180,329.69
2025-05-23,Friday,False,rainy,False,False,Dal Tadka,main,55.9,44.1,11.9,70,831.96
2025-05-23,Friday,False,rainy,False,False,Butter Naan,bread,97.2,72.4,24.8,20,496.59
2025-05-23,Friday,False,rainy,False,False,Gulab Jamun,dessert,42.6,29.1,13.6,40,542.18
2025-05-23,Friday,False,rainy,False,False,Tomato Soup,starter,28.2,23.2,5.1,45,228.56
2025-05-23,Friday,False,rainy,False,False,Mutton Rogan Josh,main,19.7,16.2,3.5,220,766.24
2025-05-23,Friday,False,rainy,False,False,Fresh Fruit Custard,dessert,24.7,20.6,4.1,55,225.16
2025-05-24,Saturday,True,cloudy,False,True,Paneer Butter Masala,main,89.5,69.7,19.8,120,2377.43
2025-05-24,Saturday,True,cloudy,False,True,Chicken Biryani,main,132.6,97.5,35.1,150,5267.33
2025-05-24,Saturday,True,cloudy,False,True,Veg Salad Bowl,starter,61.8,46.9,14.9,60,894.65
2025-05-24,Saturday,True,cloudy,False,True,Fish Curry,main,76.4,55.7,20.6,180,3715.43
2025-05-24,Saturday,True,cloudy,False,True,Dal Tadka,main,81.1,62.7,18.4,70,1287.25
2025-05-24,Saturday,True,cloudy,False,True,Butter Naan,bread,190.4,134.2,56.3,20,1125.58
2025-05-24,Saturday,True,cloudy,False,True,Gulab Jamun,dessert,91.6,63.0,28.6,40,1145.74
2025-05-24,Saturday,True,cloudy,False,True,Tomato Soup,starter,62.5,43.6,18.9,45,849.41
2025-05-24,Saturday,True,cloudy,False,True,Mutton Rogan Josh,main,39.6,30.2,9.4,220,2070.35
2025-05-24,Saturday,True,cloudy,False,True,Fresh Fruit Custard,dessert,42.2,33.0,9.1,55,501.4
2025-05-25,Sunday,True,cloudy,False,False,Paneer Butter Masala,main,71.7,60.3,11.4,120,1366.28
2025-05-25,Sunday,True,cloudy,False,False,Chicken Biryani,main,81.9,81.2,0.8,150,114.92
2025-05-25,Sunday,True,cloudy,False,False,Veg Salad Bowl,starter,54.6,44.7,9.9,60,595.53
2025-05-25,Sunday,True,cloudy,False,False,Fish Curry,main,44.9,36.3,8.6,180,1544.74
2025-05-25,Sunday,True,cloudy,False,False,Dal Tadka,main,55.1,53.6,1.6,70,111.65
2025-05-25,Sunday,True,cloudy,False,False,Butter Naan,bread,119.8,98.8,21.0,20,419.63
2025-05-25,Sunday,True,cloudy,False,False,Gulab Jamun,dessert,53.8,51.2,2.6,40,104.1
2025-05-25,Sunday,True,cloudy,False,False,Tomato Soup,starter,37.5,33.3,4.2,45,188.88
2025-05-25,Sunday,True,cloudy,False,False,Mutton Rogan Josh,main,27.2,25.8,1.3,220,292.35
2025-05-25,Sunday,True,cloudy,False,False,Fresh Fruit Custard,dessert,27.8,24.6,3.2,55,176.72
2025-05-26,Monday,False,rainy,False,False,Paneer Butter Masala,main,43.1,33.5,9.6,120,1148.05
2025-05-26,Monday,False,rainy,False,False,Chicken Biryani,main,45.6,39.4,6.1,150,920.66
2025-05-26,Monday,False,rainy,False,False,Veg Salad Bowl,starter,33.4,28.6,4.7,60,282.94
2025-05-26,Monday,False,rainy,False,False,Fish Curry,main,26.0,19.8,6.2,180,1110.16
2025-05-26,Monday,False,rainy,False,False,Dal Tadka,main,46.9,36.8,10.1,70,705.08
2025-05-26,Monday,False,rainy,False,False,Butter Naan,bread,80.7,71.5,9.2,20,183.3
2025-05-26,Monday,False,rainy,False,False,Gulab Jamun,dessert,38.1,31.5,6.6,40,264.6
2025-05-26,Monday,False,rainy,False,False,Tomato Soup,starter,30.5,26.7,3.8,45,171.41
2025-05-26,Monday,False,rainy,False,False,Mutton Rogan Josh,main,20.1,17.1,3.0,220,654.7
2025-05-26,Monday,False,rainy,False,False,Fresh Fruit Custard,dessert,22.5,20.3,2.2,55,123.55
2025-05-27,Tuesday,False,clear,False,False,Paneer Butter Masala,main,38.2,33.7,4.5,120,545.77
2025-05-27,Tuesday,False,clear,False,False,Chicken Biryani,main,77.2,69.7,7.5,150,1120.98
2025-05-27,Tuesday,False,clear,False,False,Veg Salad Bowl,starter,37.3,35.1,2.2,60,131.14
2025-05-27,Tuesday,False,clear,False,False,Fish Curry,main,20.0,20.0,0.0,180,0.0
2025-05-27,Tuesday,False,clear,False,False,Dal Tadka,main,46.4,46.4,0.0,70,0.0
2025-05-27,Tuesday,False,clear,False,False,Butter Naan,bread,71.6,71.2,0.4,20,7.02
2025-05-27,Tuesday,False,clear,False,False,Gulab Jamun,dessert,37.6,37.6,0.0,40,0.0
2025-05-27,Tuesday,False,clear,False,False,Tomato Soup,starter,31.0,26.5,4.5,45,204.12
2025-05-27,Tuesday,False,clear,False,False,Mutton Rogan Josh,main,19.2,17.4,1.8,220,389.62
2025-05-27,Tuesday,False,clear,False,False,Fresh Fruit Custard,dessert,22.9,20.7,2.2,55,121.12
2025-05-28,Wednesday,False,cloudy,False,False,Paneer Butter Masala,main,44.4,44.4,0.0,120,0.0
2025-05-28,Wednesday,False,cloudy,False,False,Chicken Biryani,main,62.4,62.4,0.0,150,0.0
2025-05-28,Wednesday,False,cloudy,False,False,Veg Salad Bowl,starter,33.3,30.9,2.4,60,142.54
2025-05-28,Wednesday,False,cloudy,False,False,Fish Curry,main,28.5,26.5,2.1,180,372.88
2025-05-28,Wednesday,False,cloudy,False,False,Dal Tadka,main,40.4,40.4,0.0,70,0.0
2025-05-28,Wednesday,False,cloudy,False,False,Butter Naan,bread,90.6,88.4,2.2,20,44.21
2025-05-28,Wednesday,False,cloudy,False,False,Gulab Jamun,dessert,40.9,39.8,1.0,40,41.92
2025-05-28,Wednesday,False,cloudy,False,False,Tomato Soup,starter,26.2,23.3,2.9,45,131.75
2025-05-28,Wednesday,False,cloudy,False,False,Mutton Rogan Josh,main,20.2,19.1,1.1,220,244.62
2025-05-28,Wednesday,False,cloudy,False,False,Fresh Fruit Custard,dessert,24.3,20.3,4.0,55,222.57
2025-05-29,Thursday,False,clear,False,False,Paneer Butter Masala,main,40.5,40.5,0.0,120,0.0
2025-05-29,Thursday,False,clear,False,False,Chicken Biryani,main,66.2,57.2,9.0,150,1348.14
2025-05-29,Thursday,False,clear,False,False,Veg Salad Bowl,starter,30.7,28.2,2.5,60,149.67
2025-05-29,Thursday,False,clear,False,False,Fish Curry,main,17.5,16.8,0.8,180,140.91
2025-05-29,Thursday,False,clear,False,False,Dal Tadka,main,43.3,43.3,0.0,70,0.0
2025-05-29,Thursday,False,clear,False,False,Butter Naan,bread,90.4,90.4,0.0,20,0.0
2025-05-29,Thursday,False,clear,False,False,Gulab Jamun,dessert,34.3,34.3,0.0,40,0.0
2025-05-29,Thursday,False,clear,False,False,Tomato Soup,starter,21.6,21.6,0.0,45,0.0
2025-05-29,Thursday,False,clear,False,False,Mutton Rogan Josh,main,22.3,22.3,0.0,220,0.0
2025-05-29,Thursday,False,clear,False,False,Fresh Fruit Custard,dessert,20.5,20.0,0.5,55,28.68
2025-05-30,Friday,False,cloudy,False,False,Paneer Butter Masala,main,42.7,37.3,5.3,120,640.57
2025-05-30,Friday,False,cloudy,False,False,Chicken Biryani,main,55.5,50.1,5.4,150,809.92
2025-05-30,Friday,False,cloudy,False,False,Veg Salad Bowl,starter,28.8,25.1,3.7,60,219.32
2025-05-30,Friday,False,cloudy,False,False,Fish Curry,main,23.8,23.8,0.0,180,0.0
2025-05-30,Friday,False,cloudy,False,False,Dal Tadka,main,45.7,43.8,1.9,70,130.79
2025-05-30,Friday,False,cloudy,False,False,Butter Naan,bread,79.4,75.3,4.1,20,82.41
2025-05-30,Friday,False,cloudy,False,False,Gulab Jamun,dessert,35.2,32.6,2.6,40,105.62
2025-05-30,Friday,False,cloudy,False,False,Tomato Soup,starter,30.7,29.5,1.2,45,52.95
2025-05-30,Friday,False,cloudy,False,False,Mutton Rogan Josh,main,19.7,18.9,0.8,220,177.04
2025-05-30,Friday,False,cloudy,False,False,Fresh Fruit Custard,dessert,29.0,23.5,5.5,55,302.92
2025-05-31,Saturday,True,hot,False,False,Paneer Butter Masala,main,91.3,74.0,17.3,120,2077.53
2025-05-31,Saturday,True,hot,False,False,Chicken Biryani,main,97.5,78.6,18.9,150,2842.33
2025-05-31,Saturday,True,hot,False,False,Veg Salad Bowl,starter,41.4,35.6,5.8,60,346.44
2025-05-31,Saturday,True,hot,False,False,Fish Curry,main,40.0,31.7,8.3,180,1495.95
2025-05-31,Saturday,True,hot,False,False,Dal Tadka,main,70.4,59.5,10.9,70,761.68
2025-05-31,Saturday,True,hot,False,False,Butter Naan,bread,151.4,122.1,29.3,20,586.29
2025-05-31,Saturday,True,hot,False,False,Gulab Jamun,dessert,51.7,46.3,5.4,40,216.38
2025-05-31,Saturday,True,hot,False,False,Tomato Soup,starter,54.5,42.9,11.6,45,519.87
2025-05-31,Saturday,True,hot,False,False,Mutton Rogan Josh,main,25.1,21.8,3.3,220,721.36
2025-05-31,Saturday,True,hot,False,False,Fresh Fruit Custard,dessert,38.9,30.3,8.6,55,475.45
2025-06-01,Sunday,True,rainy,False,False,Paneer Butter Masala,main,65.9,49.1,16.8,120,2015.14
2025-06-01,Sunday,True,rainy,False,False,Chicken Biryani,main,75.3,58.0,17.2,150,2586.97
2025-06-01,Sunday,True,rainy,False,False,Veg Salad Bowl,starter,46.6,34.5,12.1,60,727.14
2025-06-01,Sunday,True,rainy,False,False,Fish Curry,main,29.0,22.2,6.8,180,1226.86
2025-06-01,Sunday,True,rainy,False,False,Dal Tadka,main,67.1,52.0,15.1,70,1056.36
2025-06-01,Sunday,True,rainy,False,False,Butter Naan,bread,121.3,89.1,32.2,20,643.42
2025-06-01,Sunday,True,rainy,False,False,Gulab Jamun,dessert,40.4,35.0,5.5,40,219.25
2025-06-01,Sunday,True,rainy,False,False,Tomato Soup,starter,43.9,30.8,13.2,45,591.89
2025-06-01,Sunday,True,rainy,False,False,Mutton Rogan Josh,main,39.0,27.6,11.4,220,2508.84
2025-06-01,Sunday,True,rainy,False,False,Fresh Fruit Custard,dessert,27.8,20.8,7.0,55,382.86
2025-06-02,Monday,False,clear,False,False,Paneer Butter Masala,main,42.6,42.6,0.0,120,0.0
2025-06-02,Monday,False,clear,False,False,Chicken Biryani,main,58.7,55.4,3.3,150,494.42
2025-06-02,Monday,False,clear,False,False,Veg Salad Bowl,starter,33.0,33.0,0.0,60,0.0
2025-06-02,Monday,False,clear,False,False,Fish Curry,main,24.0,24.0,0.0,180,0.0
2025-06-02,Monday,False,clear,False,False,Dal Tadka,main,41.6,41.6,0.0,70,0.0
2025-06-02,Monday,False,clear,False,False,Butter Naan,bread,71.9,70.2,1.6,20,32.83
2025-06-02,Monday,False,clear,False,False,Gulab Jamun,dessert,34.8,34.8,0.0,40,0.0
2025-06-02,Monday,False,clear,False,False,Tomato Soup,starter,28.7,28.7,0.0,45,0.0
2025-06-02,Monday,False,clear,False,False,Mutton Rogan Josh,main,21.2,21.2,0.0,220,0.0
2025-06-02,Monday,False,clear,False,False,Fresh Fruit Custard,dessert,22.9,22.1,0.8,55,43.7
2025-06-03,Tuesday,False,cloudy,False,False,Paneer Butter Masala,main,38.8,38.8,0.0,120,0.0
2025-06-03,Tuesday,False,cloudy,False,False,Chicken Biryani,main,45.3,45.3,0.0,150,0.0
2025-06-03,Tuesday,False,cloudy,False,False,Veg Salad Bowl,starter,30.1,30.0,0.1,60,6.59
2025-06-03,Tuesday,False,cloudy,False,False,Fish Curry,main,27.6,26.9,0.7,180,128.42
2025-06-03,Tuesday,False,cloudy,False,False,Dal Tadka,main,39.8,39.8,0.0,70,0.0
2025-06-03,Tuesday,False,cloudy,False,False,Butter Naan,bread,85.1,82.2,3.0,20,59.57
2025-06-03,Tuesday,False,cloudy,False,False,Gulab Jamun,dessert,42.9,42.9,0.0,40,0.0
2025-06-03,Tuesday,False,cloudy,False,False,Tomato Soup,starter,30.0,27.8,2.2,45,100.69
2025-06-03,Tuesday,False,cloudy,False,False,Mutton Rogan Josh,main,19.9,19.9,0.0,220,0.0
2025-06-03,Tuesday,False,cloudy,False,False,Fresh Fruit Custard,dessert,18.2,17.9,0.3,55,16.43
2025-06-04,Wednesday,False,clear,False,False,Paneer Butter Masala,main,36.2,36.2,0.0,120,0.0
2025-06-04,Wednesday,False,clear,False,False,Chicken Biryani,main,63.2,58.9,4.4,150,655.82
2025-06-04,Wednesday,False,clear,False,False,Veg Salad Bowl,starter,27.6,26.7,0.9,60,53.02
2025-06-04,Wednesday,False,clear,False,False,Fish Curry,main,19.6,19.4,0.2,180,29.63
2025-06-04,Wednesday,False,clear,False,False,Dal Tadka,main,51.3,47.2,4.1,70,288.21
2025-06-04,Wednesday,False,clear,False,False,Butter Naan,bread,80.1,73.2,6.9,20,138.98
2025-06-04,Wednesday,False,clear,False,False,Gulab Jamun,dessert,28.6,28.6,0.0,40,0.0
2025-06-04,Wednesday,False,clear,False,False,Tomato Soup,starter,36.0,30.4,5.6,45,252.55
2025-06-04,Wednesday,False,clear,False,False,Mutton Rogan Josh,main,21.7,21.2,0.6,220,124.32
2025-06-04,Wednesday,False,clear,False,False,Fresh Fruit Custard,dessert,16.2,16.2,0.0,55,0.0
2025-06-05,Thursday,False,clear,False,False,Paneer Butter Masala,main,36.1,34.7,1.4,120,168.3
2025-06-05,Thursday,False,clear,False,False,Chicken Biryani,main,61.5,55.8,5.7,150,856.82
2025-06-05,Thursday,False,clear,False,False,Veg Salad Bowl,starter,35.3,30.5,4.8,60,290.3
2025-06-05,Thursday,False,clear,False,False,Fish Curry,main,26.0,25.0,1.0,180,181.58
2025-06-05,Thursday,False,clear,False,False,Dal Tadka,main,50.7,50.7,0.0,70,0.0
2025-06-05,Thursday,False,clear,False,False,Butter Naan,bread,111.3,107.0,4.3,20,86.3
2025-06-05,Thursday,False,clear,False,False,Gulab Jamun,dessert,39.3,36.6,2.7,40,107.26
2025-06-05,Thursday,False,clear,False,False,Tomato Soup,starter,38.1,34.3,3.8,45,171.76
2025-06-05,Thursday,False,clear,False,False,Mutton Rogan Josh,main,18.5,16.1,2.4,220,517.41
2025-06-05,Thursday,False,clear,False,False,Fresh Fruit Custard,dessert,22.6,21.1,1.5,55,80.18
2025-06-06,Friday,False,cloudy,False,False,Paneer Butter Masala,main,38.5,36.9,1.6,120,191.57
2025-06-06,Friday,False,cloudy,False,False,Chicken Biryani,main,62.8,53.1,9.7,150,1457.09
2025-06-06,Friday,False,cloudy,False,False,Veg Salad Bowl,starter,39.3,37.1,2.2,60,131.3
2025-06-06,Friday,False,cloudy,False,False,Fish Curry,main,25.7,25.2,0.5,180,84.48
2025-06-06,Friday,False,cloudy,False,False,Dal Tadka,main,51.0,51.0,0.0,70,0.0
2025-06-06,Friday,False,cloudy,False,False,Butter Naan,bread,82.7,76.0,6.8,20,135.31
2025-06-06,Friday,False,cloudy,False,False,Gulab Jamun,dessert,33.6,32.7,0.9,40,35.21
2025-06-06,Friday,False,cloudy,False,False,Tomato Soup,starter,25.0,22.7,2.4,45,106.04
2025-06-06,Friday,False,cloudy,False,False,Mutton Rogan Josh,main,26.9,24.7,2.2,220,485.13
2025-06-06,Friday,False,cloudy,False,False,Fresh Fruit Custard,dessert,25.9,25.9,0.0,55,0.0
2025-06-07,Saturday,True,clear,False,False,Paneer Butter Masala,main,66.1,52.5,13.6,120,1627.44
2025-06-07,Saturday,True,clear,False,False,Chicken Biryani,main,78.3,75.2,3.2,150,475.88
2025-06-07,Saturday,True,clear,False,False,Veg Salad Bowl,starter,36.6,34.1,2.5,60,147.06
2025-06-07,Saturday,True,clear,False,False,Fish Curry,main,50.0,35.7,14.2,180,2561.3
2025-06-07,Saturday,True,clear,False,False,Dal Tadka,main,70.7,70.7,0.0,70,0.0
2025-06-07,Saturday,True,clear,False,False,Butter Naan,bread,157.6,126.4,31.2,20,624.24
2025-06-07,Saturday,True,clear,False,False,Gulab Jamun,dessert,44.3,38.5,5.8,40,233.05
2025-06-07,Saturday,True,clear,False,False,Tomato Soup,starter,53.4,42.8,10.6,45,476.58
2025-06-07,Saturday,True,clear,False,False,Mutton Rogan Josh,main,28.2,22.8,5.4,220,1189.9
2025-06-07,Saturday,True,clear,False,False,Fresh Fruit Custard,dessert,26.2,22.1,4.2,55,228.85
2025-06-08,Sunday,True,rainy,False,False,Paneer Butter Masala,main,61.7,43.2,18.6,120,2226.54
2025-06-08,Sunday,True,rainy,False,False,Chicken Biryani,main,103.2,70.5,32.7,150,4905.0
2025-06-08,Sunday,True,rainy,False,False,Veg Salad Bowl,starter,56.0,38.0,18.0,60,1077.71
2025-06-08,Sunday,True,rainy,False,False,Fish Curry,main,43.0,31.2,11.8,180,2127.37
2025-06-08,Sunday,True,rainy,False,False,Dal Tadka,main,67.6,52.2,15.4,70,1077.57
2025-06-08,Sunday,True,rainy,False,False,Butter Naan,bread,94.9,78.4,16.5,20,329.28
2025-06-08,Sunday,True,rainy,False,False,Gulab Jamun,dessert,52.6,38.8,13.8,40,552.08
2025-06-08,Sunday,True,rainy,False,False,Tomato Soup,starter,50.5,37.7,12.8,45,577.44
2025-06-08,Sunday,True,rainy,False,False,Mutton Rogan Josh,main,37.2,25.7,11.4,220,2516.45
2025-06-08,Sunday,True,rainy,False,False,Fresh Fruit Custard,dessert,35.0,24.5,10.4,55,573.31
2025-06-09,Monday,False,clear,False,False,Paneer Butter Masala,main,43.1,43.1,0.0,120,0.0
2025-06-09,Monday,False,clear,False,False,Chicken Biryani,main,65.0,56.1,9.0,150,1346.81
2025-06-09,Monday,False,clear,False,False,Veg Salad Bowl,starter,32.1,29.3,2.7,60,163.38
2025-06-09,Monday,False,clear,False,False,Fish Curry,main,26.6,26.6,0.0,180,0.0
2025-06-09,Monday,False,clear,False,False,Dal Tadka,main,47.8,47.8,0.0,70,0.0
2025-06-09,Monday,False,clear,False,False,Butter Naan,bread,81.2,74.0,7.2,20,143.43
2025-06-09,Monday,False,clear,False,False,Gulab Jamun,dessert,36.7,36.5,0.2,40,7.17
2025-06-09,Monday,False,clear,False,False,Tomato Soup,starter,30.7,29.5,1.2,45,53.07
2025-06-09,Monday,False,clear,False,False,Mutton Rogan Josh,main,21.7,20.0,1.7,220,370.69
2025-06-09,Monday,False,clear,False,False,Fresh Fruit Custard,dessert,21.4,20.1,1.3,55,70.04
2025-06-10,Tuesday,False,clear,False,False,Paneer Butter Masala,main,41.4,35.6,5.9,120,703.87
2025-06-10,Tuesday,False,clear,False,False,Chicken Biryani,main,57.5,57.5,0.0,150,0.0
2025-06-10,Tuesday,False,clear,False,False,Veg Salad Bowl,starter,25.6,24.5,1.1,60,66.81
2025-06-10,Tuesday,False,clear,False,False,Fish Curry,main,30.7,29.7,1.0,180,183.33
2025-06-10,Tuesday,False,clear,False,False,Dal Tadka,main,54.6,52.1,2.5,70,177.53
2025-06-10,Tuesday,False,clear,False,False,Butter Naan,bread,84.5,84.5,0.0,20,0.0
2025-06-10,Tuesday,False,clear,False,False,Gulab Jamun,dessert,39.0,38.9,0.1,40,3.74
2025-06-10,Tuesday,False,clear,False,False,Tomato Soup,starter,30.9,30.9,0.0,45,0.0
2025-06-10,Tuesday,False,clear,False,False,Mutton Rogan Josh,main,21.6,20.4,1.2,220,265.14
2025-06-10,Tuesday,False,clear,False,False,Fresh Fruit Custard,dessert,23.6,21.6,2.0,55,112.0
2025-06-11,Wednesday,False,cloudy,False,False,Paneer Butter Masala,main,53.5,47.7,5.8,120,697.58
2025-06-11,Wednesday,False,cloudy,False,False,Chicken Biryani,main,53.6,50.0,3.6,150,536.86
2025-06-11,Wednesday,False,cloudy,False,False,Veg Salad Bowl,starter,27.3,27.3,0.0,60,0.0
2025-06-11,Wednesday,False,cloudy,False,False,Fish Curry,main,28.1,28.1,0.0,180,0.0
2025-06-11,Wednesday,False,cloudy,False,False,Dal Tadka,main,50.0,50.0,0.0,70,0.0
2025-06-11,Wednesday,False,cloudy,False,False,Butter Naan,bread,81.3,78.0,3.4,20,67.22
2025-06-11,Wednesday,False,cloudy,False,False,Gulab Jamun,dessert,37.4,37.4,0.0,40,0.0
2025-06-11,Wednesday,False,cloudy,False,False,Tomato Soup,starter,32.1,30.4,1.7,45,74.55
2025-06-11,Wednesday,False,cloudy,False,False,Mutton Rogan Josh,main,17.3,17.0,0.3,220,59.8
2025-06-11,Wednesday,False,cloudy,False,False,Fresh Fruit Custard,dessert,30.8,25.6,5.2,55,285.18
2025-06-12,Thursday,False,clear,False,False,Paneer Butter Masala,main,46.8,42.4,4.5,120,535.97
2025-06-12,Thursday,False,clear,False,False,Chicken Biryani,main,65.1,59.8,5.3,150,801.48
2025-06-12,Thursday,False,clear,False,False,Veg Salad Bowl,starter,32.8,31.3,1.5,60,91.84
2025-06-12,Thursday,False,clear,False,False,Fish Curry,main,23.2,23.2,0.0,180,0.0
2025-06-12,Thursday,False,clear,False,False,Dal Tadka,main,48.5,46.8,1.6,70,115.34
2025-06-12,Thursday,False,clear,False,False,Butter Naan,bread,85.4,85.4,0.0,20,0.0
2025-06-12,Thursday,False,clear,False,False,Gulab Jamun,dessert,45.2,37.7,7.5,40,300.61
2025-06-12,Thursday,False,clear,False,False,Tomato Soup,starter,29.4,28.3,1.1,45,50.68
2025-06-12,Thursday,False,clear,False,False,Mutton Rogan Josh,main,24.8,20.7,4.1,220,901.06
2025-06-12,Thursday,False,clear,False,False,Fresh Fruit Custard,dessert,20.8,19.3,1.5,55,81.97
2025-06-13,Friday,False,clear,False,False,Paneer Butter Masala,main,45.6,39.8,5.8,120,699.29
2025-06-13,Friday,False,clear,False,False,Chicken Biryani,main,71.0,66.9,4.1,150,619.51
2025-06-13,Friday,False,clear,False,False,Veg Salad Bowl,starter,36.2,28.6,7.6,60,456.11
2025-06-13,Friday,False,clear,False,False,Fish Curry,main,23.8,23.7,0.0,180,8.64
2025-06-13,Friday,False,clear,False,False,Dal Tadka,main,40.2,35.4,4.7,70,332.0
2025-06-13,Friday,False,clear,False,False,Butter Naan,bread,107.6,89.3,18.3,20,366.75
2025-06-13,Friday,False,clear,False,False,Gulab Jamun,dessert,33.5,29.2,4.4,40,175.16
2025-06-13,Friday,False,clear,False,False,Tomato Soup,starter,31.4,28.2,3.2,45,142.8
2025-06-13,Friday,False,clear,False,False,Mutton Rogan Josh,main,18.5,16.0,2.4,220,532.92
2025-06-13,Friday,False,clear,False,False,Fresh Fruit Custard,dessert,25.4,24.1,1.4,55,75.08
2025-06-14,Saturday,True,clear,False,False,Paneer Butter Masala,main,57.3,50.2,7.1,120,850.54
2025-06-14,Saturday,True,clear,False,False,Chicken Biryani,main,72.5,57.7,14.8,150,2217.35
2025-06-14,Saturday,True,clear,False,False,Veg Salad Bowl,starter,52.7,46.3,6.4,60,381.6
2025-06-14,Saturday,True,clear,False,False,Fish Curry,main,41.3,35.2,6.1,180,1104.43
2025-06-14,Saturday,True,clear,False,False,Dal Tadka,main,70.2,63.1,7.0,70,491.77
2025-06-14,Saturday,True,clear,False,False,Butter Naan,bread,121.4,96.6,24.9,20,497.49
2025-06-14,Saturday,True,clear,False,False,Gulab Jamun,dessert,64.3,46.9,17.4,40,695.6
2025-06-14,Saturday,True,clear,False,False,Tomato Soup,starter,42.1,38.0,4.0,45,182.11
2025-06-14,Saturday,True,clear,False,False,Mutton Rogan Josh,main,38.4,31.0,7.4,220,1632.41
2025-06-14,Saturday,True,clear,False,False,Fresh Fruit Custard,dessert,42.8,32.3,10.5,55,577.64
2025-06-15,Sunday,True,cloudy,False,False,Paneer Butter Masala,main,56.2,52.9,3.3,120,397.54
2025-06-15,Sunday,True,cloudy,False,False,Chicken Biryani,main,93.5,71.9,21.6,150,3242.25
2025-06-15,Sunday,True,cloudy,False,False,Veg Salad Bowl,starter,44.8,41.7,3.1,60,188.04
2025-06-15,Sunday,True,cloudy,False,False,Fish Curry,main,37.3,27.4,9.9,180,1777.79
2025-06-15,Sunday,True,cloudy,False,False,Dal Tadka,main,66.7,60.1,6.6,70,460.19
2025-06-15,Sunday,True,cloudy,False,False,Butter Naan,bread,106.8,104.4,2.4,20,47.85
2025-06-15,Sunday,True,cloudy,False,False,Gulab Jamun,dessert,63.2,55.3,7.9,40,316.19
2025-06-15,Sunday,True,cloudy,False,False,Tomato Soup,starter,52.8,44.0,8.8,45,395.9
2025-06-15,Sunday,True,cloudy,False,False,Mutton Rogan Josh,main,38.1,31.6,6.5,220,1421.24
2025-06-15,Sunday,True,cloudy,False,False,Fresh Fruit Custard,dessert,41.9,32.7,9.2,55,503.5
2025-06-16,Monday,False,clear,False,False,Paneer Butter Masala,main,46.4,38.9,7.5,120,903.3
2025-06-16,Monday,False,clear,False,False,Chicken Biryani,main,50.3,49.0,1.2,150,186.4
2025-06-16,Monday,False,clear,False,False,Veg Salad Bowl,starter,32.7,30.1,2.7,60,160.42
2025-06-16,Monday,False,clear,False,False,Fish Curry,main,25.5,23.7,1.8,180,326.25
2025-06-16,Monday,False,clear,False,False,Dal Tadka,main,44.1,44.1,0.0,70,0.0
2025-06-16,Monday,False,clear,False,False,Butter Naan,bread,80.1,80.1,0.0,20,0.0
2025-06-16,Monday,False,clear,False,False,Gulab Jamun,dessert,28.9,27.7,1.1,40,45.76
2025-06-16,Monday,False,clear,False,False,Tomato Soup,starter,32.3,29.6,2.6,45,118.75
2025-06-16,Monday,False,clear,False,False,Mutton Rogan Josh,main,21.4,21.4,0.0,220,0.0
2025-06-16,Monday,False,clear,False,False,Fresh Fruit Custard,dessert,22.6,18.4,4.2,55,230.17
2025-06-17,Tuesday,False,clear,False,True,Paneer Butter Masala,main,57.0,45.9,11.1,120,1337.11
2025-06-17,Tuesday,False,clear,False,True,Chicken Biryani,main,81.3,63.5,17.8,150,2668.37
2025-06-17,Tuesday,False,clear,False,True,Veg Salad Bowl,starter,46.1,38.1,8.0,60,480.24
2025-06-17,Tuesday,False,clear,False,True,Fish Curry,main,34.9,27.3,7.6,180,1360.67
2025-06-17,Tuesday,False,clear,False,True,Dal Tadka,main,60.6,48.1,12.6,70,880.56
2025-06-17,Tuesday,False,clear,False,True,Butter Naan,bread,176.3,131.5,44.8,20,896.15
2025-06-17,Tuesday,False,clear,False,True,Gulab Jamun,dessert,58.1,47.5,10.5,40,421.18
2025-06-17,Tuesday,False,clear,False,True,Tomato Soup,starter,29.9,26.9,3.0,45,136.93
2025-06-17,Tuesday,False,clear,False,True,Mutton Rogan Josh,main,33.2,28.8,4.4,220,966.52
2025-06-17,Tuesday,False,clear,False,True,Fresh Fruit Custard,dessert,31.3,25.2,6.1,55,337.12
2025-06-18,Wednesday,False,hot,False,False,Paneer Butter Masala,main,39.8,39.8,0.0,120,0.0
2025-06-18,Wednesday,False,hot,False,False,Chicken Biryani,main,50.1,50.1,0.0,150,0.0
2025-06-18,Wednesday,False,hot,False,False,Veg Salad Bowl,starter,33.0,31.9,1.1,60,67.73
2025-06-18,Wednesday,False,hot,False,False,Fish Curry,main,26.9,24.5,2.4,180,440.99
2025-06-18,Wednesday,False,hot,False,False,Dal Tadka,main,44.2,44.2,0.0,70,0.0
2025-06-18,Wednesday,False,hot,False,False,Butter Naan,bread,89.9,84.5,5.4,20,108.16
2025-06-18,Wednesday,False,hot,False,False,Gulab Jamun,dessert,35.6,34.4,1.3,40,50.39
2025-06-18,Wednesday,False,hot,False,False,Tomato Soup,starter,25.4,25.4,0.0,45,0.0
2025-06-18,Wednesday,False,hot,False,False,Mutton Rogan Josh,main,23.3,21.8,1.5,220,320.39
2025-06-18,Wednesday,False,hot,False,False,Fresh Fruit Custard,dessert,25.1,23.2,1.9,55,106.96
2025-06-19,Thursday,False,cloudy,False,False,Paneer Butter Masala,main,49.4,44.5,4.9,120,589.65
2025-06-19,Thursday,False,cloudy,False,False,Chicken Biryani,main,61.9,54.3,7.5,150,1130.71
2025-06-19,Thursday,False,cloudy,False,False,Veg Salad Bowl,starter,34.2,30.8,3.3,60,200.42
2025-06-19,Thursday,False,cloudy,False,False,Fish Curry,main,27.7,25.8,1.8,180,329.15
2025-06-19,Thursday,False,cloudy,False,False,Dal Tadka,main,44.2,41.0,3.2,70,221.8
2025-06-19,Thursday,False,cloudy,False,False,Butter Naan,bread,107.3,107.3,0.0,20,0.0
2025-06-19,Thursday,False,cloudy,False,False,Gulab Jamun,dessert,35.3,35.3,0.0,40,0.0
2025-06-19,Thursday,False,cloudy,False,False,Tomato Soup,starter,30.9,26.4,4.6,45,206.54
2025-06-19,Thursday,False,cloudy,False,False,Mutton Rogan Josh,main,18.4,18.4,0.0,220,0.0
2025-06-19,Thursday,False,cloudy,False,False,Fresh Fruit Custard,dessert,17.8,17.8,0.0,55,0.0
2025-06-20,Friday,False,cloudy,False,False,Paneer Butter Masala,main,53.7,53.4,0.2,120,29.75
2025-06-20,Friday,False,cloudy,False,False,Chicken Biryani,main,48.3,44.0,4.3,150,652.07
2025-06-20,Friday,False,cloudy,False,False,Veg Salad Bowl,starter,31.9,27.4,4.5,60,270.54
2025-06-20,Friday,False,cloudy,False,False,Fish Curry,main,24.2,24.2,0.0,180,0.0
2025-06-20,Friday,False,cloudy,False,False,Dal Tadka,main,47.6,44.0,3.6,70,252.27
2025-06-20,Friday,False,cloudy,False,False,Butter Naan,bread,77.8,77.8,0.0,20,0.0
2025-06-20,Friday,False,cloudy,False,False,Gulab Jamun,dessert,34.2,34.2,0.0,40,0.0
2025-06-20,Friday,False,cloudy,False,False,Tomato Soup,starter,29.3,29.3,0.0,45,0.0
2025-06-20,Friday,False,cloudy,False,False,Mutton Rogan Josh,main,20.7,18.9,1.8,220,385.61
2025-06-20,Friday,False,cloudy,False,False,Fresh Fruit Custard,dessert,25.3,22.8,2.5,55,138.01
2025-06-21,Saturday,True,clear,False,False,Paneer Butter Masala,main,73.6,60.0,13.6,120,1636.3
2025-06-21,Saturday,True,clear,False,False,Chicken Biryani,main,102.8,82.5,20.3,150,3039.09
2025-06-21,Saturday,True,clear,False,False,Veg Salad Bowl,starter,41.3,38.4,2.9,60,173.67
2025-06-21,Saturday,True,clear,False,False,Fish Curry,main,44.4,35.5,8.9,180,1610.83
2025-06-21,Saturday,True,clear,False,False,Dal Tadka,main,74.4,68.7,5.7,70,396.07
2025-06-21,Saturday,True,clear,False,False,Butter Naan,bread,115.8,96.3,19.5,20,390.17
2025-06-21,Saturday,True,clear,False,False,Gulab Jamun,dessert,46.9,46.8,0.1,40,3.72
2025-06-21,Saturday,True,clear,False,False,Tomato Soup,starter,40.2,39.5,0.7,45,31.83
2025-06-21,Saturday,True,clear,False,False,Mutton Rogan Josh,main,31.3,23.9,7.4,220,1619.88
2025-06-21,Saturday,True,clear,False,False,Fresh Fruit Custard,dessert,39.5,36.2,3.3,55,183.84
2025-06-22,Sunday,True,clear,False,True,Paneer Butter Masala,main,109.0,81.9,27.1,120,3248.18
2025-06-22,Sunday,True,clear,False,True,Chicken Biryani,main,135.2,87.5,47.7,150,7157.95
2025-06-22,Sunday,True,clear,False,True,Veg Salad Bowl,starter,71.9,48.3,23.5,60,1410.34
2025-06-22,Sunday,True,clear,False,True,Fish Curry,main,47.9,34.7,13.2,180,2379.26
2025-06-22,Sunday,True,clear,False,True,Dal Tadka,main,76.3,60.8,15.5,70,1082.66
2025-06-22,Sunday,True,clear,False,True,Butter Naan,bread,201.3,148.6,52.7,20,1053.75
2025-06-22,Sunday,True,clear,False,True,Gulab Jamun,dessert,73.7,56.8,16.9,40,675.56
2025-06-22,Sunday,True,clear,False,True,Tomato Soup,starter,65.7,46.0,19.7,45,887.19
2025-06-22,Sunday,True,clear,False,True,Mutton Rogan Josh,main,41.1,37.7,3.4,220,748.6
2025-06-22,Sunday,True,clear,False,True,Fresh Fruit Custard,dessert,47.7,33.4,14.3,55,786.6
2025-06-23,Monday,False,clear,False,False,Paneer Butter Masala,main,41.7,41.3,0.4,120,48.34
2025-06-23,Monday,False,clear,False,False,Chicken Biryani,main,51.8,51.5,0.3,150,37.63
2025-06-23,Monday,False,clear,False,False,Veg Salad Bowl,starter,34.1,34.1,0.0,60,0.0
2025-06-23,Monday,False,clear,False,False,Fish Curry,main,26.4,24.8,1.6,180,292.09
2025-06-23,Monday,False,clear,False,False,Dal Tadka,main,53.4,53.4,0.0,70,0.0
2025-06-23,Monday,False,clear,False,False,Butter Naan,bread,99.0,89.2,9.8,20,195.44
2025-06-23,Monday,False,clear,False,False,Gulab Jamun,dessert,35.2,34.7,0.4,40,17.56
2025-06-23,Monday,False,clear,False,False,Tomato Soup,starter,27.5,26.9,0.6,45,28.58
2025-06-23,Monday,False,clear,False,False,Mutton Rogan Josh,main,23.1,22.1,1.1,220,237.87
2025-06-23,Monday,False,clear,False,False,Fresh Fruit Custard,dessert,22.6,22.6,0.0,55,0.0
2025-06-24,Tuesday,False,rainy,True,False,Paneer Butter Masala,main,74.2,53.2,20.9,120,2510.48
2025-06-24,Tuesday,False,rainy,True,False,Chicken Biryani,main,132.2,87.6,44.5,150,6681.92
2025-06-24,Tuesday,False,rainy,True,False,Veg Salad Bowl,starter,64.9,43.6,21.3,60,1278.5
2025-06-24,Tuesday,False,rainy,True,False,Fish Curry,main,48.4,32.7,15.7,180,2823.2
2025-06-24,Tuesday,False,rainy,True,False,Dal Tadka,main,74.5,51.0,23.5,70,1642.44
2025-06-24,Tuesday,False,rainy,True,False,Butter Naan,bread,188.8,112.7,76.2,20,1523.53
2025-06-24,Tuesday,False,rainy,True,False,Gulab Jamun,dessert,57.9,48.1,9.8,40,391.72
2025-06-24,Tuesday,False,rainy,True,False,Tomato Soup,starter,68.6,37.7,31.0,45,1393.79
2025-06-24,Tuesday,False,rainy,True,False,Mutton Rogan Josh,main,41.6,30.0,11.5,220,2536.69
2025-06-24,Tuesday,False,rainy,True,False,Fresh Fruit Custard,dessert,45.5,32.0,13.5,55,740.82
2025-06-25,Wednesday,False,cloudy,False,False,Paneer Butter Masala,main,40.4,40.4,0.0,120,0.0
2025-06-25,Wednesday,False,cloudy,False,False,Chicken Biryani,main,48.6,47.4,1.2,150,183.84
2025-06-25,Wednesday,False,cloudy,False,False,Veg Salad Bowl,starter,31.1,28.5,2.5,60,151.19
2025-06-25,Wednesday,False,cloudy,False,False,Fish Curry,main,23.7,21.4,2.3,180,422.79
2025-06-25,Wednesday,False,cloudy,False,False,Dal Tadka,main,44.6,38.6,5.9,70,416.32
2025-06-25,Wednesday,False,cloudy,False,False,Butter Naan,bread,63.5,63.5,0.0,20,0.0
2025-06-25,Wednesday,False,cloudy,False,False,Gulab Jamun,dessert,42.9,36.8,6.1,40,245.71
2025-06-25,Wednesday,False,cloudy,False,False,Tomato Soup,starter,31.7,29.1,2.7,45,120.37
2025-06-25,Wednesday,False,cloudy,False,False,Mutton Rogan Josh,main,20.0,20.0,0.0,220,0.0
2025-06-25,Wednesday,False,cloudy,False,False,Fresh Fruit Custard,dessert,20.7,20.7,0.0,55,0.0
2025-06-26,Thursday,False,clear,False,False,Paneer Butter Masala,main,38.1,38.1,0.0,120,0.0
2025-06-26,Thursday,False,clear,False,False,Chicken Biryani,main,57.1,57.1,0.0,150,0.0
2025-06-26,Thursday,False,clear,False,False,Veg Salad Bowl,starter,31.5,31.1,0.4,60,25.64
2025-06-26,Thursday,False,clear,False,False,Fish Curry,main,31.5,29.2,2.3,180,406.0
2025-06-26,Thursday,False,clear,False,False,Dal Tadka,main,51.7,51.7,0.0,70,0.0
2025-06-26,Thursday,False,clear,False,False,Butter Naan,bread,80.5,80.5,0.0,20,0.0
2025-06-26,Thursday,False,clear,False,False,Gulab Jamun,dessert,33.5,33.3,0.3,40,11.18
2025-06-26,Thursday,False,clear,False,False,Tomato Soup,starter,25.6,25.6,0.0,45,0.0
2025-06-26,Thursday,False,clear,False,False,Mutton Rogan Josh,main,16.6,16.6,0.0,220,0.0
2025-06-26,Thursday,False,clear,False,False,Fresh Fruit Custard,dessert,21.4,19.2,2.2,55,119.62
2025-06-27,Friday,False,cloudy,False,False,Paneer Butter Masala,main,48.6,48.6,0.0,120,0.0
2025-06-27,Friday,False,cloudy,False,False,Chicken Biryani,main,61.6,57.1,4.4,150,665.46
2025-06-27,Friday,False,cloudy,False,False,Veg Salad Bowl,starter,32.4,32.4,0.0,60,0.0
2025-06-27,Friday,False,cloudy,False,False,Fish Curry,main,24.3,24.3,0.0,180,0.0
2025-06-27,Friday,False,cloudy,False,False,Dal Tadka,main,58.2,58.2,0.0,70,0.0
2025-06-27,Friday,False,cloudy,False,False,Butter Naan,bread,69.9,69.9,0.0,20,0.0
2025-06-27,Friday,False,cloudy,False,False,Gulab Jamun,dessert,32.8,28.7,4.1,40,162.47
2025-06-27,Friday,False,cloudy,False,False,Tomato Soup,starter,36.3,36.1,0.2,45,8.5
2025-06-27,Friday,False,cloudy,False,False,Mutton Rogan Josh,main,16.8,16.8,0.0,220,0.0
2025-06-27,Friday,False,cloudy,False,False,Fresh Fruit Custard,dessert,22.1,21.4,0.7,55,38.96
2025-06-28,Saturday,True,cloudy,False,False,Paneer Butter Masala,main,68.8,56.6,12.2,120,1463.53
2025-06-28,Saturday,True,cloudy,False,False,Chicken Biryani,main,76.5,71.4,5.1,150,765.56
2025-06-28,Saturday,True,cloudy,False,False,Veg Salad Bowl,starter,52.8,43.7,9.0,60,541.12
2025-06-28,Saturday,True,cloudy,False,False,Fish Curry,main,47.7,37.3,10.3,180,1854.41
2025-06-28,Saturday,True,cloudy,False,False,Dal Tadka,main,52.2,50.4,1.8,70,126.11
2025-06-28,Saturday,True,cloudy,False,False,Butter Naan,bread,104.3,98.2,6.1,20,121.74
2025-06-28,Saturday,True,cloudy,False,False,Gulab Jamun,dessert,62.5,51.5,11.0,40,439.39
2025-06-28,Saturday,True,cloudy,False,False,Tomato Soup,starter,52.8,42.8,10.0,45,448.43
2025-06-28,Saturday,True,cloudy,False,False,Mutton Rogan Josh,main,35.8,27.7,8.1,220,1785.55
2025-06-28,Saturday,True,cloudy,False,False,Fresh Fruit Custard,dessert,38.2,31.4,6.8,55,373.75
2025-06-29,Sunday,True,clear,False,False,Paneer Butter Masala,main,57.5,52.0,5.5,120,659.14
2025-06-29,Sunday,True,clear,False,False,Chicken Biryani,main,104.0,80.5,23.5,150,3517.85
2025-06-29,Sunday,True,clear,False,False,Veg Salad Bowl,starter,53.6,40.3,13.3,60,799.65
2025-06-29,Sunday,True,clear,False,False,Fish Curry,main,30.8,25.8,5.0,180,903.08
2025-06-29,Sunday,True,clear,False,False,Dal Tadka,main,66.6,60.5,6.2,70,431.47
2025-06-29,Sunday,True,clear,False,False,Butter Naan,bread,160.3,138.9,21.4,20,427.4
2025-06-29,Sunday,True,clear,False,False,Gulab Jamun,dessert,53.1,44.9,8.2,40,327.96
2025-06-29,Sunday,True,clear,False,False,Tomato Soup,starter,32.2,28.7,3.5,45,158.11
2025-06-29,Sunday,True,clear,False,False,Mutton Rogan Josh,main,33.8,30.2,3.6,220,801.07
2025-06-29,Sunday,True,clear,False,False,Fresh Fruit Custard,dessert,35.8,26.7,9.0,55,495.39
2025-06-30,Monday,False,rainy,False,False,Paneer Butter Masala,main,37.4,32.1,5.2,120,626.01
2025-06-30,Monday,False,rainy,False,False,Chicken Biryani,main,45.7,42.2,3.4,150,516.31
2025-06-30,Monday,False,rainy,False,False,Veg Salad Bowl,starter,25.5,22.3,3.2,60,194.61
2025-06-30,Monday,False,rainy,False,False,Fish Curry,main,19.5,18.6,0.9,180,167.12
2025-06-30,Monday,False,rainy,False,False,Dal Tadka,main,46.8,39.3,7.5,70,527.5
2025-06-30,Monday,False,rainy,False,False,Butter Naan,bread,89.9,81.9,8.0,20,160.45
2025-06-30,Monday,False,rainy,False,False,Gulab Jamun,dessert,37.3,30.8,6.5,40,258.19
2025-06-30,Monday,False,rainy,False,False,Tomato Soup,starter,29.2,23.1,6.1,45,276.37
2025-06-30,Monday,False,rainy,False,False,Mutton Rogan Josh,main,22.5,18.6,3.9,220,862.17
2025-06-30,Monday,False,rainy,False,False,Fresh Fruit Custard,dessert,21.3,18.1,3.2,55,174.86
2025-07-01,Tuesday,False,cloudy,False,False,Paneer Butter Masala,main,37.0,37.0,0.0,120,0.0
2025-07-01,Tuesday,False,cloudy,False,False,Chicken Biryani,main,65.0,57.9,7.1,150,1069.39
2025-07-01,Tuesday,False,cloudy,False,False,Veg Salad Bowl,starter,28.8,26.7,2.1,60,126.58
2025-07-01,Tuesday,False,cloudy,False,False,Fish Curry,main,22.4,21.9,0.5,180,96.12
2025-07-01,Tuesday,False,cloudy,False,False,Dal Tadka,main,44.1,41.3,2.9,70,199.68
2025-07-01,Tuesday,False,cloudy,False,False,Butter Naan,bread,80.2,73.5,6.7,20,134.83
2025-07-01,Tuesday,False,cloudy,False,False,Gulab Jamun,dessert,34.0,34.0,0.0,40,0.0
2025-07-01,Tuesday,False,cloudy,False,False,Tomato Soup,starter,25.4,23.8,1.6,45,70.83
2025-07-01,Tuesday,False,cloudy,False,False,Mutton Rogan Josh,main,23.3,22.1,1.2,220,255.92
2025-07-01,Tuesday,False,cloudy,False,False,Fresh Fruit Custard,dessert,33.0,27.9,5.1,55,278.23
2025-07-02,Wednesday,False,hot,False,False,Paneer Butter Masala,main,42.3,42.3,0.0,120,0.0
2025-07-02,Wednesday,False,hot,False,False,Chicken Biryani,main,66.1,62.7,3.4,150,513.97
2025-07-02,Wednesday,False,hot,False,False,Veg Salad Bowl,starter,34.4,30.9,3.5,60,209.62
2025-07-02,Wednesday,False,hot,False,False,Fish Curry,main,32.1,30.2,1.9,180,349.5
2025-07-02,Wednesday,False,hot,False,False,Dal Tadka,main,50.7,44.4,6.4,70,444.69
2025-07-02,Wednesday,False,hot,False,False,Butter Naan,bread,89.3,89.3,0.0,20,0.0
2025-07-02,Wednesday,False,hot,False,False,Gulab Jamun,dessert,36.6,35.0,1.6,40,64.58
2025-07-02,Wednesday,False,hot,False,False,Tomato Soup,starter,29.2,29.2,0.0,45,0.0
2025-07-02,Wednesday,False,hot,False,False,Mutton Rogan Josh,main,16.3,16.3,0.0,220,0.0
2025-07-02,Wednesday,False,hot,False,False,Fresh Fruit Custard,dessert,19.6,19.5,0.1,55,5.78
2025-07-03,Thursday,False,rainy,False,False,Paneer Butter Masala,main,37.2,34.8,2.4,120,287.89
2025-07-03,Thursday,False,rainy,False,False,Chicken Biryani,main,54.3,44.2,10.2,150,1524.87
2025-07-03,Thursday,False,rainy,False,False,Veg Salad Bowl,starter,31.0,27.3,3.7,60,221.54
2025-07-03,Thursday,False,rainy,False,False,Fish Curry,main,30.6,21.7,8.9,180,1602.92
2025-07-03,Thursday,False,rainy,False,False,Dal Tadka,main,42.2,38.2,4.0,70,280.86
2025-07-03,Thursday,False,rainy,False,False,Butter Naan,bread,77.8,66.6,11.2,20,224.45
2025-07-03,Thursday,False,rainy,False,False,Gulab Jamun,dessert,34.4,29.2,5.2,40,206.86
2025-07-03,Thursday,False,rainy,False,False,Tomato Soup,starter,21.7,19.7,2.0,45,91.18
2025-07-03,Thursday,False,rainy,False,False,Mutton Rogan Josh,main,19.4,16.7,2.7,220,603.83
2025-07-03,Thursday,False,rainy,False,False,Fresh Fruit Custard,dessert,20.8,17.4,3.4,55,184.88
2025-07-04,Friday,False,clear,False,False,Paneer Butter Masala,main,42.2,39.5,2.7,120,322.73
2025-07-04,Friday,False,clear,False,False,Chicken Biryani,main,55.1,51.4,3.7,150,554.71
2025-07-04,Friday,False,clear,False,False,Veg Salad Bowl,starter,35.4,31.4,4.0,60,240.93
2025-07-04,Friday,False,clear,False,False,Fish Curry,main,29.8,27.1,2.7,180,485.86
2025-07-04,Friday,False,clear,False,False,Dal Tadka,main,46.2,44.5,1.8,70,124.47
2025-07-04,Friday,False,clear,False,False,Butter Naan,bread,90.2,90.2,0.0,20,0.0
2025-07-04,Friday,False,clear,False,False,Gulab Jamun,dessert,33.8,32.4,1.5,40,58.18
2025-07-04,Friday,False,clear,False,False,Tomato Soup,starter,29.4,29.4,0.0,45,0.0
2025-07-04,Friday,False,clear,False,False,Mutton Rogan Josh,main,20.3,19.8,0.4,220,97.04
2025-07-04,Friday,False,clear,False,False,Fresh Fruit Custard,dessert,16.8,16.2,0.7,55,36.76
2025-07-05,Saturday,True,clear,False,False,Paneer Butter Masala,main,67.6,63.2,4.4,120,528.72
2025-07-05,Saturday,True,clear,False,False,Chicken Biryani,main,66.9,66.9,0.0,150,0.0
2025-07-05,Saturday,True,clear,False,False,Veg Salad Bowl,starter,44.5,38.2,6.4,60,382.07
2025-07-05,Saturday,True,clear,False,False,Fish Curry,main,41.4,31.7,9.7,180,1747.11
2025-07-05,Saturday,True,clear,False,False,Dal Tadka,main,78.9,67.0,11.9,70,831.77
2025-07-05,Saturday,True,clear,False,False,Butter Naan,bread,129.5,103.2,26.3,20,526.78
2025-07-05,Saturday,True,clear,False,False,Gulab Jamun,dessert,52.0,47.1,4.8,40,193.75
2025-07-05,Saturday,True,clear,False,False,Tomato Soup,starter,34.6,30.0,4.6,45,206.4
2025-07-05,Saturday,True,clear,False,False,Mutton Rogan Josh,main,41.1,29.4,11.6,220,2558.16
2025-07-05,Saturday,True,clear,False,False,Fresh Fruit Custard,dessert,34.0,29.9,4.1,55,223.66
2025-07-06,Sunday,True,cloudy,False,True,Paneer Butter Masala,main,76.9,53.2,23.7,120,2847.48
2025-07-06,Sunday,True,cloudy,False,True,Chicken Biryani,main,145.0,101.9,43.1,150,6466.67
2025-07-06,Sunday,True,cloudy,False,True,Veg Salad Bowl,starter,72.4,49.3,23.1,60,1385.56
2025-07-06,Sunday,True,cloudy,False,True,Fish Curry,main,56.5,43.1,13.5,180,2424.44
2025-07-06,Sunday,True,cloudy,False,True,Dal Tadka,main,123.6,92.8,30.8,70,2153.12
2025-07-06,Sunday,True,cloudy,False,True,Butter Naan,bread,161.9,147.6,14.3,20,285.85
2025-07-06,Sunday,True,cloudy,False,True,Gulab Jamun,dessert,105.0,68.1,36.9,40,1477.03
2025-07-06,Sunday,True,cloudy,False,True,Tomato Soup,starter,69.1,47.4,21.7,45,975.94
2025-07-06,Sunday,True,cloudy,False,True,Mutton Rogan Josh,main,47.1,36.0,11.1,220,2448.39
2025-07-06,Sunday,True,cloudy,False,True,Fresh Fruit Custard,dessert,52.2,39.6,12.6,55,693.66
2025-07-07,Monday,False,clear,False,False,Paneer Butter Masala,main,44.7,44.7,0.0,120,0.0
2025-07-07,Monday,False,clear,False,False,Chicken Biryani,main,50.2,50.2,0.0,150,0.0
2025-07-07,Monday,False,clear,False,False,Veg Salad Bowl,starter,32.6,32.6,0.0,60,0.0
2025-07-07,Monday,False,clear,False,False,Fish Curry,main,29.0,26.1,2.9,180,529.02
2025-07-07,Monday,False,clear,False,False,Dal Tadka,main,49.1,44.5,4.6,70,319.21
2025-07-07,Monday,False,clear,False,False,Butter Naan,bread,77.1,77.1,0.0,20,0.0
2025-07-07,Monday,False,clear,False,False,Gulab Jamun,dessert,34.4,30.9,3.5,40,140.66
2025-07-07,Monday,False,clear,False,False,Tomato Soup,starter,27.3,25.4,1.9,45,84.94
2025-07-07,Monday,False,clear,False,False,Mutton Rogan Josh,main,19.8,19.8,0.0,220,0.0
2025-07-07,Monday,False,clear,False,False,Fresh Fruit Custard,dessert,24.0,20.4,3.6,55,198.82
2025-07-08,Tuesday,False,rainy,False,True,Paneer Butter Masala,main,60.3,44.1,16.2,120,1949.85
2025-07-08,Tuesday,False,rainy,False,True,Chicken Biryani,main,116.2,82.7,33.6,150,5038.44
2025-07-08,Tuesday,False,rainy,False,True,Veg Salad Bowl,starter,47.6,30.4,17.2,60,1030.5
2025-07-08,Tuesday,False,rainy,False,True,Fish Curry,main,29.2,20.7,8.5,180,1529.33
2025-07-08,Tuesday,False,rainy,False,True,Dal Tadka,main,80.4,59.3,21.2,70,1481.89
2025-07-08,Tuesday,False,rainy,False,True,Butter Naan,bread,88.7,67.3,21.3,20,426.71
2025-07-08,Tuesday,False,rainy,False,True,Gulab Jamun,dessert,62.1,43.7,18.4,40,736.45
2025-07-08,Tuesday,False,rainy,False,True,Tomato Soup,starter,35.3,26.8,8.5,45,383.5
2025-07-08,Tuesday,False,rainy,False,True,Mutton Rogan Josh,main,28.1,19.8,8.3,220,1831.08
2025-07-08,Tuesday,False,rainy,False,True,Fresh Fruit Custard,dessert,41.5,27.1,14.3,55,788.88
2025-07-09,Wednesday,False,clear,True,False,Paneer Butter Masala,main,74.9,53.8,21.1,120,2530.51
2025-07-09,Wednesday,False,clear,True,False,Chicken Biryani,main,96.0,73.8,22.2,150,3332.7
2025-07-09,Wednesday,False,clear,True,False,Veg Salad Bowl,starter,61.3,49.8,11.5,60,691.61
2025-07-09,Wednesday,False,clear,True,False,Fish Curry,main,47.0,35.1,11.9,180,2146.07
2025-07-09,Wednesday,False,clear,True,False,Dal Tadka,main,109.3,76.4,33.0,70,2309.39
2025-07-09,Wednesday,False,clear,True,False,Butter Naan,bread,181.0,137.3,43.6,20,872.61
2025-07-09,Wednesday,False,clear,True,False,Gulab Jamun,dessert,62.0,51.0,11.0,40,440.63
2025-07-09,Wednesday,False,clear,True,False,Tomato Soup,starter,58.4,42.1,16.4,45,736.35
2025-07-09,Wednesday,False,clear,True,False,Mutton Rogan Josh,main,36.8,33.3,3.5,220,780.56
2025-07-09,Wednesday,False,clear,True,False,Fresh Fruit Custard,dessert,47.5,31.9,15.7,55,861.04
2025-07-10,Thursday,False,clear,False,False,Paneer Butter Masala,main,53.0,51.3,1.7,120,200.74
2025-07-10,Thursday,False,clear,False,False,Chicken Biryani,main,60.9,57.5,3.3,150,498.51
2025-07-10,Thursday,False,clear,False,False,Veg Salad Bowl,starter,28.7,28.7,0.0,60,0.0
2025-07-10,Thursday,False,clear,False,False,Fish Curry,main,35.6,31.4,4.2,180,758.04
2025-07-10,Thursday,False,clear,False,False,Dal Tadka,main,52.8,49.4,3.3,70,231.95
2025-07-10,Thursday,False,clear,False,False,Butter Naan,bread,78.3,70.4,8.0,20,159.35
2025-07-10,Thursday,False,clear,False,False,Gulab Jamun,dessert,33.1,31.5,1.7,40,67.12
2025-07-10,Thursday,False,clear,False,False,Tomato Soup,starter,22.5,22.5,0.0,45,0.0
2025-07-10,Thursday,False,clear,False,False,Mutton Rogan Josh,main,20.8,20.8,0.0,220,0.0
2025-07-10,Thursday,False,clear,False,False,Fresh Fruit Custard,dessert,18.5,16.7,1.8,55,97.5
2025-07-11,Friday,False,hot,False,False,Paneer Butter Masala,main,40.2,38.8,1.4,120,166.22
2025-07-11,Friday,False,hot,False,False,Chicken Biryani,main,68.0,60.9,7.1,150,1068.21
2025-07-11,Friday,False,hot,False,False,Veg Salad Bowl,starter,30.4,28.8,1.7,60,99.9
2025-07-11,Friday,False,hot,False,False,Fish Curry,main,28.4,25.9,2.5,180,450.03
2025-07-11,Friday,False,hot,False,False,Dal Tadka,main,44.7,44.3,0.5,70,31.62
2025-07-11,Friday,False,hot,False,False,Butter Naan,bread,103.3,93.2,10.0,20,200.91
2025-07-11,Friday,False,hot,False,False,Gulab Jamun,dessert,43.4,37.0,6.4,40,254.08
2025-07-11,Friday,False,hot,False,False,Tomato Soup,starter,31.5,26.7,4.8,45,217.1
2025-07-11,Friday,False,hot,False,False,Mutton Rogan Josh,main,27.7,21.3,6.4,220,1403.74
2025-07-11,Friday,False,hot,False,False,Fresh Fruit Custard,dessert,18.9,18.9,0.0,55,1.6
2025-07-12,Saturday,True,cloudy,False,True,Paneer Butter Masala,main,109.2,83.3,25.9,120,3108.05
2025-07-12,Saturday,True,cloudy,False,True,Chicken Biryani,main,154.6,102.9,51.7,150,7761.14
2025-07-12,Saturday,True,cloudy,False,True,Veg Salad Bowl,starter,71.2,54.9,16.3,60,978.37
2025-07-12,Saturday,True,cloudy,False,True,Fish Curry,main,75.8,49.3,26.5,180,4772.79
2025-07-12,Saturday,True,cloudy,False,True,Dal Tadka,main,113.3,81.4,31.9,70,2235.91
2025-07-12,Saturday,True,cloudy,False,True,Butter Naan,bread,187.4,138.7,48.7,20,974.62
2025-07-12,Saturday,True,cloudy,False,True,Gulab Jamun,dessert,88.0,63.6,24.4,40,975.53
2025-07-12,Saturday,True,cloudy,False,True,Tomato Soup,starter,54.2,42.4,11.8,45,530.87
2025-07-12,Saturday,True,cloudy,False,True,Mutton Rogan Josh,main,43.1,30.7,12.4,220,2732.53
2025-07-12,Saturday,True,cloudy,False,True,Fresh Fruit Custard,dessert,53.1,37.0,16.1,55,883.9
2025-07-13,Sunday,True,rainy,False,True,Paneer Butter Masala,main,101.3,67.5,33.9,120,4065.17
2025-07-13,Sunday,True,rainy,False,True,Chicken Biryani,main,118.5,74.8,43.7,150,6549.71
2025-07-13,Sunday,True,rainy,False,True,Veg Salad Bowl,starter,48.9,33.5,15.3,60,919.2
2025-07-13,Sunday,True,rainy,False,True,Fish Curry,main,53.5,40.1,13.4,180,2413.71
2025-07-13,Sunday,True,rainy,False,True,Dal Tadka,main,124.7,73.2,51.5,70,3606.19
2025-07-13,Sunday,True,rainy,False,True,Butter Naan,bread,169.5,109.7,59.8,20,1195.87
2025-07-13,Sunday,True,rainy,False,True,Gulab Jamun,dessert,83.9,56.9,26.9,40,1077.09
2025-07-13,Sunday,True,rainy,False,True,Tomato Soup,starter,64.8,44.3,20.5,45,922.02
2025-07-13,Sunday,True,rainy,False,True,Mutton Rogan Josh,main,38.7,27.0,11.7,220,2571.16
2025-07-13,Sunday,True,rainy,False,True,Fresh Fruit Custard,dessert,56.0,32.9,23.1,55,1273.03
2025-07-14,Monday,False,cloudy,False,False,Paneer Butter Masala,main,37.2,34.8,2.4,120,282.63
2025-07-14,Monday,False,cloudy,False,False,Chicken Biryani,main,71.0,67.2,3.8,150,577.19
2025-07-14,Monday,False,cloudy,False,False,Veg Salad Bowl,starter,32.0,28.6,3.4,60,205.4
2025-07-14,Monday,False,cloudy,False,False,Fish Curry,main,24.7,24.3,0.4,180,79.65
2025-07-14,Monday,False,cloudy,False,False,Dal Tadka,main,45.2,39.8,5.4,70,376.14
2025-07-14,Monday,False,cloudy,False,False,Butter Naan,bread,59.8,55.6,4.1,20,82.84
2025-07-14,Monday,False,cloudy,False,False,Gulab Jamun,dessert,33.1,33.1,0.0,40,0.0
2025-07-14,Monday,False,cloudy,False,False,Tomato Soup,starter,33.7,33.7,0.0,45,0.0
2025-07-14,Monday,False,cloudy,False,False,Mutton Rogan Josh,main,18.7,18.4,0.4,220,77.81
2025-07-14,Monday,False,cloudy,False,False,Fresh Fruit Custard,dessert,23.6,23.1,0.5,55,28.62
2025-07-15,Tuesday,False,clear,False,False,Paneer Butter Masala,main,48.1,46.2,1.9,120,228.12
2025-07-15,Tuesday,False,clear,False,False,Chicken Biryani,main,58.2,58.0,0.2,150,30.99
2025-07-15,Tuesday,False,clear,False,False,Veg Salad Bowl,starter,33.1,27.6,5.4,60,325.85
2025-07-15,Tuesday,False,clear,False,False,Fish Curry,main,24.7,24.4,0.3,180,56.11
2025-07-15,Tuesday,False,clear,False,False,Dal Tadka,main,50.9,50.9,0.0,70,0.0
2025-07-15,Tuesday,False,clear,False,False,Butter Naan,bread,75.1,74.3,0.8,20,16.09
2025-07-15,Tuesday,False,clear,False,False,Gulab Jamun,dessert,36.8,35.0,1.8,40,71.95
2025-07-15,Tuesday,False,clear,False,False,Tomato Soup,starter,37.6,35.0,2.6,45,115.24
2025-07-15,Tuesday,False,clear,False,False,Mutton Rogan Josh,main,15.1,14.3,0.8,220,178.87
2025-07-15,Tuesday,False,clear,False,False,Fresh Fruit Custard,dessert,23.5,22.1,1.4,55,77.41
2025-07-16,Wednesday,False,clear,False,True,Paneer Butter Masala,main,64.4,49.7,14.7,120,1762.22
2025-07-16,Wednesday,False,clear,False,True,Chicken Biryani,main,72.8,64.3,8.5,150,1273.92
2025-07-16,Wednesday,False,clear,False,True,Veg Salad Bowl,starter,60.5,51.1,9.4,60,561.55
2025-07-16,Wednesday,False,clear,False,True,Fish Curry,main,34.8,31.6,3.2,180,571.73
2025-07-16,Wednesday,False,clear,False,True,Dal Tadka,main,64.4,57.0,7.4,70,514.71
2025-07-16,Wednesday,False,clear,False,True,Butter Naan,bread,124.2,94.7,29.5,20,589.28
2025-07-16,Wednesday,False,clear,False,True,Gulab Jamun,dessert,59.4,46.2,13.2,40,528.72
2025-07-16,Wednesday,False,clear,False,True,Tomato Soup,starter,39.4,27.6,11.8,45,530.77
2025-07-16,Wednesday,False,clear,False,True,Mutton Rogan Josh,main,29.6,21.4,8.2,220,1793.01
2025-07-16,Wednesday,False,clear,False,True,Fresh Fruit Custard,dessert,40.7,30.9,9.8,55,540.27
2025-07-17,Thursday,False,clear,False,True,Paneer Butter Masala,main,58.4,47.2,11.2,120,1346.56
2025-07-17,Thursday,False,clear,False,True,Chicken Biryani,main,68.4,66.7,1.7,150,252.24
2025-07-17,Thursday,False,clear,False,True,Veg Salad Bowl,starter,53.1,42.5,10.5,60,630.2
2025-07-17,Thursday,False,clear,False,True,Fish Curry,main,35.1,29.4,5.7,180,1027.59
2025-07-17,Thursday,False,clear,False,True,Dal Tadka,main,66.5,58.7,7.8,70,545.27
2025-07-17,Thursday,False,clear,False,True,Butter Naan,bread,91.1,72.9,18.2,20,363.83
2025-07-17,Thursday,False,clear,False,True,Gulab Jamun,dessert,56.3,46.5,9.8,40,391.05
2025-07-17,Thursday,False,clear,False,True,Tomato Soup,starter,37.8,30.2,7.7,45,344.75
2025-07-17,Thursday,False,clear,False,True,Mutton Rogan Josh,main,23.3,20.6,2.7,220,584.45
2025-07-17,Thursday,False,clear,False,True,Fresh Fruit Custard,dessert,33.7,25.0,8.6,55,474.9
2025-07-18,Friday,False,clear,False,False,Paneer Butter Masala,main,52.6,49.4,3.2,120,380.35
2025-07-18,Friday,False,clear,False,False,Chicken Biryani,main,57.2,57.2,0.0,150,0.0
2025-07-18,Friday,False,clear,False,False,Veg Salad Bowl,starter,27.9,27.9,0.0,60,0.0
2025-07-18,Friday,False,clear,False,False,Fish Curry,main,30.4,27.9,2.4,180,440.32
2025-07-18,Friday,False,clear,False,False,Dal Tadka,main,44.4,44.0,0.4,70,27.13
2025-07-18,Friday,False,clear,False,False,Butter Naan,bread,87.1,87.1,0.0,20,0.0
2025-07-18,Friday,False,clear,False,False,Gulab Jamun,dessert,32.5,32.5,0.0,40,0.0
2025-07-18,Friday,False,clear,False,False,Tomato Soup,starter,38.0,34.0,4.0,45,180.6
2025-07-18,Friday,False,clear,False,False,Mutton Rogan Josh,main,14.7,14.7,0.0,220,0.0
2025-07-18,Friday,False,clear,False,False,Fresh Fruit Custard,dessert,22.1,21.7,0.4,55,23.74
2025-07-19,Saturday,True,clear,False,False,Paneer Butter Masala,main,68.9,56.0,12.9,120,1546.38
2025-07-19,Saturday,True,clear,False,False,Chicken Biryani,main,84.6,68.1,16.5,150,2480.58
2025-07-19,Saturday,True,clear,False,False,Veg Salad Bowl,starter,45.5,38.7,6.9,60,412.06
2025-07-19,Saturday,True,clear,False,False,Fish Curry,main,37.8,36.2,1.6,180,284.4
2025-07-19,Saturday,True,clear,False,False,Dal Tadka,main,85.9,72.4,13.5,70,947.98
2025-07-19,Saturday,True,clear,False,False,Butter Naan,bread,132.1,124.6,7.5,20,150.02
2025-07-19,Saturday,True,clear,False,False,Gulab Jamun,dessert,45.0,42.0,3.0,40,118.18
2025-07-19,Saturday,True,clear,False,False,Tomato Soup,starter,46.8,38.9,7.8,45,352.71
2025-07-19,Saturday,True,clear,False,False,Mutton Rogan Josh,main,27.6,25.5,2.1,220,472.68
2025-07-19,Saturday,True,clear,False,False,Fresh Fruit Custard,dessert,30.4,25.2,5.2,55,284.4
2025-07-20,Sunday,True,clear,False,False,Paneer Butter Masala,main,75.4,64.0,11.3,120,1361.4
2025-07-20,Sunday,True,clear,False,False,Chicken Biryani,main,96.3,85.6,10.7,150,1602.75
2025-07-20,Sunday,True,clear,False,False,Veg Salad Bowl,starter,50.0,41.7,8.3,60,499.41
2025-07-20,Sunday,True,clear,False,False,Fish Curry,main,35.9,26.9,9.1,180,1630.8
2025-07-20,Sunday,True,clear,False,False,Dal Tadka,main,74.1,59.8,14.3,70,1003.48
2025-07-20,Sunday,True,clear,False,False,Butter Naan,bread,112.5,98.3,14.2,20,284.35
2025-07-20,Sunday,True,clear,False,False,Gulab Jamun,dessert,54.9,42.3,12.6,40,502.39
2025-07-20,Sunday,True,clear,False,False,Tomato Soup,starter,48.2,39.2,9.0,45,406.01
2025-07-20,Sunday,True,clear,False,False,Mutton Rogan Josh,main,40.5,31.4,9.1,220,1997.54
2025-07-20,Sunday,True,clear,False,False,Fresh Fruit Custard,dessert,34.8,32.4,2.3,55,129.09
2025-07-21,Monday,False,cloudy,False,False,Paneer Butter Masala,main,45.6,43.5,2.1,120,256.41
2025-07-21,Monday,False,cloudy,False,False,Chicken Biryani,main,46.3,45.8,0.4,150,65.46
2025-07-21,Monday,False,cloudy,False,False,Veg Salad Bowl,starter,25.9,24.6,1.2,60,74.62
2025-07-21,Monday,False,cloudy,False,False,Fish Curry,main,21.9,20.0,1.9,180,340.49
2025-07-21,Monday,False,cloudy,False,False,Dal Tadka,main,55.3,47.0,8.3,70,578.52
2025-07-21,Monday,False,cloudy,False,False,Butter Naan,bread,88.1,88.1,0.0,20,0.0
2025-07-21,Monday,False,cloudy,False,False,Gulab Jamun,dessert,38.4,38.4,0.0,40,0.0
2025-07-21,Monday,False,cloudy,False,False,Tomato Soup,starter,26.6,24.8,1.8,45,81.19
2025-07-21,Monday,False,cloudy,False,False,Mutton Rogan Josh,main,15.2,14.8,0.4,220,87.83
2025-07-21,Monday,False,cloudy,False,False,Fresh Fruit Custard,dessert,20.6,19.3,1.3,55,72.83
2025-07-22,Tuesday,False,clear,False,False,Paneer Butter Masala,main,46.1,40.1,6.1,120,726.24
2025-07-22,Tuesday,False,clear,False,False,Chicken Biryani,main,55.0,55.0,0.0,150,0.0
2025-07-22,Tuesday,False,clear,False,False,Veg Salad Bowl,starter,29.1,29.1,0.0,60,0.0
2025-07-22,Tuesday,False,clear,False,False,Fish Curry,main,28.8,26.2,2.6,180,469.8
2025-07-22,Tuesday,False,clear,False,False,Dal Tadka,main,58.3,58.3,0.0,70,0.0
2025-07-22,Tuesday,False,clear,False,False,Butter Naan,bread,77.4,77.4,0.0,20,0.0
2025-07-22,Tuesday,False,clear,False,False,Gulab Jamun,dessert,38.1,35.9,2.2,40,88.22
2025-07-22,Tuesday,False,clear,False,False,Tomato Soup,starter,31.6,27.8,3.8,45,170.03
2025-07-22,Tuesday,False,clear,False,False,Mutton Rogan Josh,main,20.6,18.5,2.1,220,453.3
2025-07-22,Tuesday,False,clear,False,False,Fresh Fruit Custard,dessert,24.8,23.4,1.4,55,75.98
2025-07-23,Wednesday,False,clear,False,False,Paneer Butter Masala,main,38.2,36.1,2.2,120,258.33
2025-07-23,Wednesday,False,clear,False,False,Chicken Biryani,main,58.6,50.0,8.6,150,1286.91
2025-07-23,Wednesday,False,clear,False,False,Veg Salad Bowl,starter,33.2,33.2,0.0,60,0.0
2025-07-23,Wednesday,False,clear,False,False,Fish Curry,main,28.4,26.5,1.9,180,342.24
2025-07-23,Wednesday,False,clear,False,False,Dal Tadka,main,45.7,42.2,3.5,70,241.89
2025-07-23,Wednesday,False,clear,False,False,Butter Naan,bread,86.0,83.7,2.3,20,45.94
2025-07-23,Wednesday,False,clear,False,False,Gulab Jamun,dessert,37.1,34.8,2.3,40,91.27
2025-07-23,Wednesday,False,clear,False,False,Tomato Soup,starter,30.2,28.8,1.4,45,64.66
2025-07-23,Wednesday,False,clear,False,False,Mutton Rogan Josh,main,21.6,18.5,3.1,220,688.7
2025-07-23,Wednesday,False,clear,False,False,Fresh Fruit Custard,dessert,21.1,19.2,1.9,55,101.8
2025-07-24,Thursday,False,clear,False,False,Paneer Butter Masala,main,35.7,35.7,0.0,120,0.0
2025-07-24,Thursday,False,clear,False,False,Chicken Biryani,main,51.1,48.6,2.5,150,375.6
2025-07-24,Thursday,False,clear,False,False,Veg Salad Bowl,starter,25.4,25.1,0.4,60,21.97
2025-07-24,Thursday,False,clear,False,False,Fish Curry,main,19.8,18.5,1.3,180,234.29
2025-07-24,Thursday,False,clear,False,False,Dal Tadka,main,42.3,42.3,0.0,70,0.0
2025-07-24,Thursday,False,clear,False,False,Butter Naan,bread,90.4,90.4,0.0,20,0.0
2025-07-24,Thursday,False,clear,False,False,Gulab Jamun,dessert,38.3,38.3,0.0,40,0.0
2025-07-24,Thursday,False,clear,False,False,Tomato Soup,starter,37.0,33.4,3.6,45,161.73
2025-07-24,Thursday,False,clear,False,False,Mutton Rogan Josh,main,17.6,17.6,0.0,220,0.0
2025-07-24,Thursday,False,clear,False,False,Fresh Fruit Custard,dessert,24.5,23.6,0.9,55,49.0
2025-07-25,Friday,False,clear,True,False,Paneer Butter Masala,main,78.3,58.3,20.1,120,2409.81
2025-07-25,Friday,False,clear,True,False,Chicken Biryani,main,138.4,98.1,40.3,150,6043.25
2025-07-25,Friday,False,clear,True,False,Veg Salad Bowl,starter,62.3,47.1,15.2,60,914.35
2025-07-25,Friday,False,clear,True,False,Fish Curry,main,39.1,31.7,7.5,180,1344.22
2025-07-25,Friday,False,clear,True,False,Dal Tadka,main,97.6,74.8,22.8,70,1598.23
2025-07-25,Friday,False,clear,True,False,Butter Naan,bread,183.3,129.2,54.1,20,1082.06
2025-07-25,Friday,False,clear,True,False,Gulab Jamun,dessert,62.7,48.0,14.6,40,585.61
2025-07-25,Friday,False,clear,True,False,Tomato Soup,starter,58.1,45.8,12.3,45,555.06
2025-07-25,Friday,False,clear,True,False,Mutton Rogan Josh,main,53.5,37.5,16.0,220,3519.76
2025-07-25,Friday,False,clear,True,False,Fresh Fruit Custard,dessert,56.6,36.4,20.2,55,1112.31
2025-07-26,Saturday,True,clear,False,True,Paneer Butter Masala,main,90.5,70.5,20.0,120,2398.71
2025-07-26,Saturday,True,clear,False,True,Chicken Biryani,main,120.5,96.2,24.4,150,3653.32
2025-07-26,Saturday,True,clear,False,True,Veg Salad Bowl,starter,83.5,54.8,28.7,60,1723.22
2025-07-26,Saturday,True,clear,False,True,Fish Curry,main,52.0,43.6,8.4,180,1509.46
2025-07-26,Saturday,True,clear,False,True,Dal Tadka,main,96.1,67.1,29.0,70,2029.43
2025-07-26,Saturday,True,clear,False,True,Butter Naan,bread,144.4,135.3,9.1,20,181.07
2025-07-26,Saturday,True,clear,False,True,Gulab Jamun,dessert,94.7,67.9,26.8,40,1072.6
2025-07-26,Saturday,True,clear,False,True,Tomato Soup,starter,64.2,42.6,21.6,45,970.21
2025-07-26,Saturday,True,clear,False,True,Mutton Rogan Josh,main,40.4,31.0,9.4,220,2073.64
2025-07-26,Saturday,True,clear,False,True,Fresh Fruit Custard,dessert,62.4,38.7,23.7,55,1301.02
2025-07-27,Sunday,True,clear,False,False,Paneer Butter Masala,main,71.8,57.0,14.8,120,1778.52
2025-07-27,Sunday,True,clear,False,False,Chicken Biryani,main,77.9,63.1,14.9,150,2227.72
2025-07-27,Sunday,True,clear,False,False,Veg Salad Bowl,starter,45.6,36.9,8.7,60,522.3
2025-07-27,Sunday,True,clear,False,False,Fish Curry,main,41.0,32.8,8.1,180,1466.16
2025-07-27,Sunday,True,clear,False,False,Dal Tadka,main,61.6,61.6,0.0,70,0.0
2025-07-27,Sunday,True,clear,False,False,Butter Naan,bread,134.5,110.3,24.2,20,484.5
2025-07-27,Sunday,True,clear,False,False,Gulab Jamun,dessert,58.3,49.8,8.5,40,339.12
2025-07-27,Sunday,True,clear,False,False,Tomato Soup,starter,55.4,45.2,10.2,45,457.67
2025-07-27,Sunday,True,clear,False,False,Mutton Rogan Josh,main,36.3,28.4,7.9,220,1741.8
2025-07-27,Sunday,True,clear,False,False,Fresh Fruit Custard,dessert,34.8,31.0,3.8,55,209.79
2025-07-28,Monday,False,clear,False,False,Paneer Butter Masala,main,43.9,43.7,0.3,120,30.19
2025-07-28,Monday,False,clear,False,False,Chicken Biryani,main,62.5,60.3,2.2,150,336.37
2025-07-28,Monday,False,clear,False,False,Veg Salad Bowl,starter,35.7,34.6,1.0,60,62.52
2025-07-28,Monday,False,clear,False,False,Fish Curry,main,28.8,26.4,2.4,180,439.58
2025-07-28,Monday,False,clear,False,False,Dal Tadka,main,53.1,53.1,0.0,70,0.0
2025-07-28,Monday,False,clear,False,False,Butter Naan,bread,81.5,75.6,5.9,20,118.78
2025-07-28,Monday,False,clear,False,False,Gulab Jamun,dessert,43.6,41.5,2.1,40,82.62
2025-07-28,Monday,False,clear,False,False,Tomato Soup,starter,29.9,27.0,2.9,45,131.66
2025-07-28,Monday,False,clear,False,False,Mutton Rogan Josh,main,22.1,22.1,0.0,220,1.77
2025-07-28,Monday,False,clear,False,False,Fresh Fruit Custard,dessert,26.5,22.9,3.7,55,201.41
2025-07-29,Tuesday,False,clear,False,False,Paneer Butter Masala,main,41.4,40.2,1.2,120,147.28
2025-07-29,Tuesday,False,clear,False,False,Chicken Biryani,main,59.6,58.7,0.9,150,136.56
2025-07-29,Tuesday,False,clear,False,False,Veg Salad Bowl,starter,30.7,30.7,0.0,60,0.0
2025-07-29,Tuesday,False,clear,False,False,Fish Curry,main,28.9,28.9,0.0,180,0.0
2025-07-29,Tuesday,False,clear,False,False,Dal Tadka,main,43.9,42.7,1.2,70,83.52
2025-07-29,Tuesday,False,clear,False,False,Butter Naan,bread,99.1,99.1,0.0,20,0.0
2025-07-29,Tuesday,False,clear,False,False,Gulab Jamun,dessert,32.2,32.2,0.0,40,0.0
2025-07-29,Tuesday,False,clear,False,False,Tomato Soup,starter,33.6,33.6,0.0,45,0.0
2025-07-29,Tuesday,False,clear,False,False,Mutton Rogan Josh,main,22.1,17.6,4.5,220,987.22
2025-07-29,Tuesday,False,clear,False,False,Fresh Fruit Custard,dessert,23.6,23.6,0.0,55,0.0
2025-07-30,Wednesday,False,clear,False,False,Paneer Butter Masala,main,52.3,44.1,8.3,120,990.38
2025-07-30,Wednesday,False,clear,False,False,Chicken Biryani,main,57.6,57.6,0.0,150,0.0
2025-07-30,Wednesday,False,clear,False,False,Veg Salad Bowl,starter,32.8,32.8,0.0,60,0.0
2025-07-30,Wednesday,False,clear,False,False,Fish Curry,main,21.9,21.9,0.0,180,0.0
2025-07-30,Wednesday,False,clear,False,False,Dal Tadka,main,36.5,36.5,0.0,70,0.0
2025-07-30,Wednesday,False,clear,False,False,Butter Naan,bread,71.1,68.7,2.4,20,48.51
2025-07-30,Wednesday,False,clear,False,False,Gulab Jamun,dessert,30.0,30.0,0.0,40,0.0
2025-07-30,Wednesday,False,clear,False,False,Tomato Soup,starter,24.6,24.5,0.1,45,6.12
2025-07-30,Wednesday,False,clear,False,False,Mutton Rogan Josh,main,21.4,18.5,2.9,220,633.3
2025-07-30,Wednesday,False,clear,False,False,Fresh Fruit Custard,dessert,23.1,20.4,2.7,55,150.99
2025-07-31,Thursday,False,cloudy,False,False,Paneer Butter Masala,main,37.1,36.0,1.1,120,130.14
2025-07-31,Thursday,False,cloudy,False,False,Chicken Biryani,main,51.9,50.0,1.9,150,291.78
2025-07-31,Thursday,False,cloudy,False,False,Veg Salad Bowl,starter,29.1,29.1,0.0,60,0.0
2025-07-31,Thursday,False,cloudy,False,False,Fish Curry,main,30.4,28.0,2.4,180,432.33
2025-07-31,Thursday,False,cloudy,False,False,Dal Tadka,main,43.9,42.6,1.4,70,95.0
2025-07-31,Thursday,False,cloudy,False,False,Butter Naan,bread,79.2,79.2,0.0,20,0.0
2025-07-31,Thursday,False,cloudy,False,False,Gulab Jamun,dessert,35.3,35.3,0.0,40,0.0
2025-07-31,Thursday,False,cloudy,False,False,Tomato Soup,starter,24.8,24.8,0.0,45,0.0
2025-07-31,Thursday,False,cloudy,False,False,Mutton Rogan Josh,main,20.6,19.1,1.5,220,323.03
2025-07-31,Thursday,False,cloudy,False,False,Fresh Fruit Custard,dessert,25.7,20.2,5.5,55,303.63
2025-08-01,Friday,False,hot,False,False,Paneer Butter Masala,main,52.1,43.8,8.3,120,990.71
2025-08-01,Friday,False,hot,False,False,Chicken Biryani,main,49.8,49.8,0.0,150,0.0
2025-08-01,Friday,False,hot,False,False,Veg Salad Bowl,starter,31.3,28.4,2.9,60,173.96
2025-08-01,Friday,False,hot,False,False,Fish Curry,main,27.3,25.5,1.9,180,335.11
2025-08-01,Friday,False,hot,False,False,Dal Tadka,main,54.8,52.1,2.7,70,186.76
2025-08-01,Friday,False,hot,False,False,Butter Naan,bread,87.7,87.7,0.0,20,0.0
2025-08-01,Friday,False,hot,False,False,Gulab Jamun,dessert,35.4,30.4,5.0,40,198.21
2025-08-01,Friday,False,hot,False,False,Tomato Soup,starter,28.3,28.3,0.0,45,0.0
2025-08-01,Friday,False,hot,False,False,Mutton Rogan Josh,main,18.5,18.5,0.0,220,0.0
2025-08-01,Friday,False,hot,False,False,Fresh Fruit Custard,dessert,20.1,20.1,0.0,55,0.0
2025-08-02,Saturday,True,rainy,False,False,Paneer Butter Masala,main,62.0,42.6,19.3,120,2318.84
2025-08-02,Saturday,True,rainy,False,False,Chicken Biryani,main,88.4,65.3,23.1,150,3460.55
2025-08-02,Saturday,True,rainy,False,False,Veg Salad Bowl,starter,42.1,31.4,10.7,60,643.18
2025-08-02,Saturday,True,rainy,False,False,Fish Curry,main,42.7,29.9,12.8,180,2302.32
2025-08-02,Saturday,True,rainy,False,False,Dal Tadka,main,73.2,51.1,22.2,70,1550.91
2025-08-02,Saturday,True,rainy,False,False,Butter Naan,bread,128.0,91.9,36.1,20,722.41
2025-08-02,Saturday,True,rainy,False,False,Gulab Jamun,dessert,43.0,37.8,5.2,40,207.37
2025-08-02,Saturday,True,rainy,False,False,Tomato Soup,starter,47.2,33.2,14.0,45,631.36
2025-08-02,Saturday,True,rainy,False,False,Mutton Rogan Josh,main,33.7,24.5,9.2,220,2023.67
2025-08-02,Saturday,True,rainy,False,False,Fresh Fruit Custard,dessert,30.8,24.2,6.6,55,362.17
2025-08-03,Sunday,True,clear,False,False,Paneer Butter Masala,main,65.0,50.4,14.6,120,1753.76
2025-08-03,Sunday,True,clear,False,False,Chicken Biryani,main,74.4,66.4,8.0,150,1196.39
2025-08-03,Sunday,True,clear,False,False,Veg Salad Bowl,starter,62.4,48.5,14.0,60,839.39
2025-08-03,Sunday,True,clear,False,False,Fish Curry,main,39.7,32.3,7.4,180,1323.2
2025-08-03,Sunday,True,clear,False,False,Dal Tadka,main,61.9,61.9,0.0,70,0.0
2025-08-03,Sunday,True,clear,False,False,Butter Naan,bread,111.2,96.3,14.9,20,298.92
2025-08-03,Sunday,True,clear,False,False,Gulab Jamun,dessert,54.4,45.2,9.2,40,367.84
2025-08-03,Sunday,True,clear,False,False,Tomato Soup,starter,50.0,42.9,7.1,45,317.28
2025-08-03,Sunday,True,clear,False,False,Mutton Rogan Josh,main,28.5,23.6,5.0,220,1092.54
2025-08-03,Sunday,True,clear,False,False,Fresh Fruit Custard,dessert,34.1,28.5,5.6,55,305.88
2025-08-04,Monday,False,rainy,False,False,Paneer Butter Masala,main,28.5,24.9,3.7,120,442.03
2025-08-04,Monday,False,rainy,False,False,Chicken Biryani,main,51.5,46.7,4.7,150,711.96
2025-08-04,Monday,False,rainy,False,False,Veg Salad Bowl,starter,36.3,28.3,8.0,60,480.42
2025-08-04,Monday,False,rainy,False,False,Fish Curry,main,24.8,21.1,3.7,180,661.79
2025-08-04,Monday,False,rainy,False,False,Dal Tadka,main,43.8,37.7,6.0,70,423.15
2025-08-04,Monday,False,rainy,False,False,Butter Naan,bread,77.0,67.4,9.6,20,192.05
2025-08-04,Monday,False,rainy,False,False,Gulab Jamun,dessert,38.3,30.7,7.7,40,307.87
2025-08-04,Monday,False,rainy,False,False,Tomato Soup,starter,22.2,20.3,1.9,45,86.32
2025-08-04,Monday,False,rainy,False,False,Mutton Rogan Josh,main,16.9,13.4,3.5,220,773.65
2025-08-04,Monday,False,rainy,False,False,Fresh Fruit Custard,dessert,24.2,19.3,5.0,55,274.29
2025-08-05,Tuesday,False,clear,False,False,Paneer Butter Masala,main,38.9,37.1,1.8,120,217.69
2025-08-05,Tuesday,False,clear,False,False,Chicken Biryani,main,60.6,60.6,0.0,150,0.0
2025-08-05,Tuesday,False,clear,False,False,Veg Salad Bowl,starter,30.0,28.0,2.0,60,117.94
2025-08-05,Tuesday,False,clear,False,False,Fish Curry,main,36.1,33.6,2.5,180,455.01
2025-08-05,Tuesday,False,clear,False,False,Dal Tadka,main,60.0,53.7,6.4,70,444.79
2025-08-05,Tuesday,False,clear,False,False,Butter Naan,bread,83.5,83.5,0.0,20,0.0
2025-08-05,Tuesday,False,clear,False,False,Gulab Jamun,dessert,39.5,39.5,0.0,40,0.0
2025-08-05,Tuesday,False,clear,False,False,Tomato Soup,starter,35.4,33.4,2.1,45,92.71
2025-08-05,Tuesday,False,clear,False,False,Mutton Rogan Josh,main,13.7,13.6,0.0,220,5.83
2025-08-05,Tuesday,False,clear,False,False,Fresh Fruit Custard,dessert,24.7,23.7,0.9,55,52.07
2025-08-06,Wednesday,False,cloudy,False,False,Paneer Butter Masala,main,34.7,33.7,1.0,120,117.73
2025-08-06,Wednesday,False,cloudy,False,False,Chicken Biryani,main,55.2,55.2,0.0,150,0.0
2025-08-06,Wednesday,False,cloudy,False,False,Veg Salad Bowl,starter,34.4,34.4,0.0,60,0.0
2025-08-06,Wednesday,False,cloudy,False,False,Fish Curry,main,27.4,25.9,1.4,180,260.11
2025-08-06,Wednesday,False,cloudy,False,False,Dal Tadka,main,36.6,36.6,0.0,70,0.0
2025-08-06,Wednesday,False,cloudy,False,False,Butter Naan,bread,93.7,80.1,13.6,20,272.52
2025-08-06,Wednesday,False,cloudy,False,False,Gulab Jamun,dessert,37.4,37.4,0.0,40,0.0
2025-08-06,Wednesday,False,cloudy,False,False,Tomato Soup,starter,19.4,17.5,1.9,45,83.93
2025-08-06,Wednesday,False,cloudy,False,False,Mutton Rogan Josh,main,22.2,19.8,2.5,220,539.48
2025-08-06,Wednesday,False,cloudy,False,False,Fresh Fruit Custard,dessert,21.4,19.7,1.8,55,97.06
2025-08-07,Thursday,False,rainy,False,False,Paneer Butter Masala,main,36.8,32.2,4.7,120,558.32
2025-08-07,Thursday,False,rainy,False,False,Chicken Biryani,main,57.5,46.9,10.6,150,1589.71
2025-08-07,Thursday,False,rainy,False,False,Veg Salad Bowl,starter,33.1,25.5,7.6,60,456.52
2025-08-07,Thursday,False,rainy,False,False,Fish Curry,main,21.5,20.1,1.5,180,261.85
2025-08-07,Thursday,False,rainy,False,False,Dal Tadka,main,52.7,47.3,5.4,70,375.68
2025-08-07,Thursday,False,rainy,False,False,Butter Naan,bread,73.1,63.4,9.8,20,195.02
2025-08-07,Thursday,False,rainy,False,False,Gulab Jamun,dessert,34.3,30.0,4.3,40,172.14
2025-08-07,Thursday,False,rainy,False,False,Tomato Soup,starter,28.3,23.8,4.5,45,204.35
2025-08-07,Thursday,False,rainy,False,False,Mutton Rogan Josh,main,17.4,17.4,0.0,220,0.0
2025-08-07,Thursday,False,rainy,False,False,Fresh Fruit Custard,dessert,27.4,22.9,4.5,55,246.76
2025-08-08,Friday,False,clear,False,False,Paneer Butter Masala,main,37.7,37.7,0.0,120,0.0
2025-08-08,Friday,False,clear,False,False,Chicken Biryani,main,64.7,64.7,0.0,150,0.0
2025-08-08,Friday,False,clear,False,False,Veg Salad Bowl,starter,32.7,32.7,0.0,60,0.21
2025-08-08,Friday,False,clear,False,False,Fish Curry,main,24.3,23.6,0.7,180,125.0
2025-08-08,Friday,False,clear,False,False,Dal Tadka,main,51.9,51.9,0.0,70,0.0
2025-08-08,Friday,False,clear,False,False,Butter Naan,bread,67.4,67.4,0.0,20,0.0
2025-08-08,Friday,False,clear,False,False,Gulab Jamun,dessert,30.4,30.4,0.0,40,0.0
2025-08-08,Friday,False,clear,False,False,Tomato Soup,starter,22.6,22.6,0.0,45,0.0
2025-08-08,Friday,False,clear,False,False,Mutton Rogan Josh,main,15.2,15.2,0.0,220,0.0
2025-08-08,Friday,False,clear,False,False,Fresh Fruit Custard,dessert,27.5,25.2,2.4,55,130.43
2025-08-09,Saturday,True,clear,False,False,Paneer Butter Masala,main,47.4,44.0,3.4,120,407.03
2025-08-09,Saturday,True,clear,False,False,Chicken Biryani,main,92.8,73.9,19.0,150,2843.16
2025-08-09,Saturday,True,clear,False,False,Veg Salad Bowl,starter,56.8,44.9,11.9,60,715.81
2025-08-09,Saturday,True,clear,False,False,Fish Curry,main,37.0,30.8,6.2,180,1120.51
2025-08-09,Saturday,True,clear,False,False,Dal Tadka,main,67.2,58.4,8.8,70,618.06
2025-08-09,Saturday,True,clear,False,False,Butter Naan,bread,134.4,134.4,0.0,20,0.0
2025-08-09,Saturday,True,clear,False,False,Gulab Jamun,dessert,59.4,45.9,13.5,40,540.73
2025-08-09,Saturday,True,clear,False,False,Tomato Soup,starter,35.3,31.2,4.2,45,187.08
2025-08-09,Saturday,True,clear,False,False,Mutton Rogan Josh,main,29.3,25.3,4.0,220,884.06
2025-08-09,Saturday,True,clear,False,False,Fresh Fruit Custard,dessert,30.4,24.0,6.4,55,353.44
2025-08-10,Sunday,True,clear,False,False,Paneer Butter Masala,main,57.7,48.4,9.3,120,1121.18
2025-08-10,Sunday,True,clear,False,False,Chicken Biryani,main,75.8,66.2,9.5,150,1428.07
2025-08-10,Sunday,True,clear,False,False,Veg Salad Bowl,starter,61.9,51.0,10.9,60,655.09
2025-08-10,Sunday,True,clear,False,False,Fish Curry,main,35.2,28.9,6.3,180,1132.04
2025-08-10,Sunday,True,clear,False,False,Dal Tadka,main,53.8,50.9,2.9,70,205.83
2025-08-10,Sunday,True,clear,False,False,Butter Naan,bread,105.7,94.5,11.2,20,224.49
2025-08-10,Sunday,True,clear,False,False,Gulab Jamun,dessert,64.9,52.6,12.3,40,493.25
2025-08-10,Sunday,True,clear,False,False,Tomato Soup,starter,43.8,40.2,3.6,45,162.59
2025-08-10,Sunday,True,clear,False,False,Mutton Rogan Josh,main,30.4,25.2,5.2,220,1142.36
2025-08-10,Sunday,True,clear,False,False,Fresh Fruit Custard,dessert,32.5,27.5,5.0,55,276.47
2025-08-11,Monday,False,clear,False,False,Paneer Butter Masala,main,47.9,41.1,6.9,120,822.74
2025-08-11,Monday,False,clear,False,False,Chicken Biryani,main,60.4,53.9,6.6,150,983.36
2025-08-11,Monday,False,clear,False,False,Veg Salad Bowl,starter,32.0,32.0,0.0,60,0.0
2025-08-11,Monday,False,clear,False,False,Fish Curry,main,21.7,21.7,0.0,180,0.0
2025-08-11,Monday,False,clear,False,False,Dal Tadka,main,40.9,40.4,0.5,70,35.71
2025-08-11,Monday,False,clear,False,False,Butter Naan,bread,95.5,85.9,9.6,20,191.42
2025-08-11,Monday,False,clear,False,False,Gulab Jamun,dessert,36.3,36.3,0.0,40,0.0
2025-08-11,Monday,False,clear,False,False,Tomato Soup,starter,22.1,21.0,1.1,45,48.11
2025-08-11,Monday,False,clear,False,False,Mutton Rogan Josh,main,21.0,20.1,0.9,220,198.94
2025-08-11,Monday,False,clear,False,False,Fresh Fruit Custard,dessert,32.1,27.6,4.6,55,250.42
2025-08-12,Tuesday,False,clear,False,False,Paneer Butter Masala,main,38.6,37.5,1.0,120,122.28
2025-08-12,Tuesday,False,clear,False,False,Chicken Biryani,main,53.2,49.9,3.3,150,494.12
2025-08-12,Tuesday,False,clear,False,False,Veg Salad Bowl,starter,31.3,31.3,0.0,60,0.0
2025-08-12,Tuesday,False,clear,False,False,Fish Curry,main,30.3,28.6,1.7,180,301.54
2025-08-12,Tuesday,False,clear,False,False,Dal Tadka,main,36.2,35.7,0.6,70,39.47
2025-08-12,Tuesday,False,clear,False,False,Butter Naan,bread,90.0,82.7,7.3,20,146.55
2025-08-12,Tuesday,False,clear,False,False,Gulab Jamun,dessert,36.9,33.6,3.3,40,131.94
2025-08-12,Tuesday,False,clear,False,False,Tomato Soup,starter,28.6,28.6,0.0,45,0.0
2025-08-12,Tuesday,False,clear,False,False,Mutton Rogan Josh,main,18.6,16.6,2.0,220,447.46
2025-08-12,Tuesday,False,clear,False,False,Fresh Fruit Custard,dessert,27.4,25.2,2.2,55,120.91
2025-08-13,Wednesday,False,hot,False,False,Paneer Butter Masala,main,43.3,43.3,0.0,120,0.0
2025-08-13,Wednesday,False,hot,False,False,Chicken Biryani,main,71.0,66.4,4.6,150,687.29
2025-08-13,Wednesday,False,hot,False,False,Veg Salad Bowl,starter,28.6,28.6,0.0,60,0.0
2025-08-13,Wednesday,False,hot,False,False,Fish Curry,main,25.8,25.8,0.0,180,0.0
2025-08-13,Wednesday,False,hot,False,False,Dal Tadka,main,48.8,48.8,0.0,70,0.0
2025-08-13,Wednesday,False,hot,False,False,Butter Naan,bread,83.6,83.6,0.0,20,0.0
2025-08-13,Wednesday,False,hot,False,False,Gulab Jamun,dessert,33.9,33.9,0.0,40,0.0
2025-08-13,Wednesday,False,hot,False,False,Tomato Soup,starter,33.0,27.5,5.6,45,250.77
2025-08-13,Wednesday,False,hot,False,False,Mutton Rogan Josh,main,24.7,23.3,1.4,220,303.82
2025-08-13,Wednesday,False,hot,False,False,Fresh Fruit Custard,dessert,24.8,21.9,2.9,55,158.74
2025-08-14,Thursday,False,clear,False,False,Paneer Butter Masala,main,39.6,39.6,0.0,120,0.0
2025-08-14,Thursday,False,clear,False,False,Chicken Biryani,main,74.5,62.4,12.1,150,1819.31
2025-08-14,Thursday,False,clear,False,False,Veg Salad Bowl,starter,30.3,30.3,0.0,60,0.0
2025-08-14,Thursday,False,clear,False,False,Fish Curry,main,26.8,26.8,0.0,180,0.0
2025-08-14,Thursday,False,clear,False,False,Dal Tadka,main,44.4,41.4,2.9,70,206.22
2025-08-14,Thursday,False,clear,False,False,Butter Naan,bread,82.4,82.4,0.0,20,0.0
2025-08-14,Thursday,False,clear,False,False,Gulab Jamun,dessert,33.6,32.3,1.3,40,52.11
2025-08-14,Thursday,False,clear,False,False,Tomato Soup,starter,26.6,26.6,0.0,45,0.0
2025-08-14,Thursday,False,clear,False,False,Mutton Rogan Josh,main,20.3,19.2,1.1,220,244.94
2025-08-14,Thursday,False,clear,False,False,Fresh Fruit Custard,dessert,21.5,21.5,0.0,55,0.0
2025-08-15,Friday,False,clear,False,False,Paneer Butter Masala,main,37.9,37.9,0.0,120,0.0
2025-08-15,Friday,False,clear,False,False,Chicken Biryani,main,60.0,56.0,4.0,150,596.64
2025-08-15,Friday,False,clear,False,False,Veg Salad Bowl,starter,34.1,34.1,0.0,60,0.0
2025-08-15,Friday,False,clear,False,False,Fish Curry,main,28.5,26.8,1.8,180,320.07
2025-08-15,Friday,False,clear,False,False,Dal Tadka,main,42.0,35.8,6.3,70,438.24
2025-08-15,Friday,False,clear,False,False,Butter Naan,bread,69.1,66.2,2.9,20,58.11
2025-08-15,Friday,False,clear,False,False,Gulab Jamun,dessert,38.6,36.6,1.9,40,77.25
2025-08-15,Friday,False,clear,False,False,Tomato Soup,starter,29.3,26.3,3.0,45,135.3
2025-08-15,Friday,False,clear,False,False,Mutton Rogan Josh,main,16.7,16.3,0.4,220,87.89
2025-08-15,Friday,False,clear,False,False,Fresh Fruit Custard,dessert,20.6,20.5,0.1,55,2.89
2025-08-16,Saturday,True,hot,False,False,Paneer Butter Masala,main,65.2,51.8,13.4,120,1609.24
2025-08-16,Saturday,True,hot,False,False,Chicken Biryani,main,81.5,74.7,6.8,150,1020.49
2025-08-16,Saturday,True,hot,False,False,Veg Salad Bowl,starter,46.2,39.2,6.9,60,414.75
2025-08-16,Saturday,True,hot,False,False,Fish Curry,main,38.4,30.9,7.5,180,1342.43
2025-08-16,Saturday,True,hot,False,False,Dal Tadka,main,63.8,62.5,1.3,70,92.32
2025-08-16,Saturday,True,hot,False,False,Butter Naan,bread,103.9,86.6,17.3,20,345.36
2025-08-16,Saturday,True,hot,False,False,Gulab Jamun,dessert,51.5,42.6,8.9,40,355.53
2025-08-16,Saturday,True,hot,False,False,Tomato Soup,starter,44.4,41.3,3.0,45,136.73
2025-08-16,Saturday,True,hot,False,False,Mutton Rogan Josh,main,30.0,22.4,7.6,220,1667.97
2025-08-16,Saturday,True,hot,False,False,Fresh Fruit Custard,dessert,36.2,31.0,5.2,55,288.42
2025-08-17,Sunday,True,clear,False,False,Paneer Butter Masala,main,58.7,46.3,12.4,120,1492.68
2025-08-17,Sunday,True,clear,False,False,Chicken Biryani,main,86.0,67.3,18.7,150,2805.53
2025-08-17,Sunday,True,clear,False,False,Veg Salad Bowl,starter,42.6,38.6,4.0,60,241.54
2025-08-17,Sunday,True,clear,False,False,Fish Curry,main,32.0,32.0,0.0,180,0.0
2025-08-17,Sunday,True,clear,False,False,Dal Tadka,main,69.1,59.9,9.2,70,645.72
2025-08-17,Sunday,True,clear,False,False,Butter Naan,bread,118.7,118.7,0.0,20,0.0
2025-08-17,Sunday,True,clear,False,False,Gulab Jamun,dessert,67.7,53.8,13.9,40,554.45
2025-08-17,Sunday,True,clear,False,False,Tomato Soup,starter,51.7,43.5,8.3,45,371.67
2025-08-17,Sunday,True,clear,False,False,Mutton Rogan Josh,main,31.5,30.3,1.2,220,273.93
2025-08-17,Sunday,True,clear,False,False,Fresh Fruit Custard,dessert,36.6,32.2,4.4,55,240.01
2025-08-18,Monday,False,hot,False,False,Paneer Butter Masala,main,40.0,40.0,0.0,120,0.0
2025-08-18,Monday,False,hot,False,False,Chicken Biryani,main,57.5,57.5,0.0,150,0.0
2025-08-18,Monday,False,hot,False,False,Veg Salad Bowl,starter,26.2,22.3,3.8,60,229.0
2025-08-18,Monday,False,hot,False,False,Fish Curry,main,27.7,27.7,0.0,180,0.0
2025-08-18,Monday,False,hot,False,False,Dal Tadka,main,49.6,45.0,4.6,70,324.94
2025-08-18,Monday,False,hot,False,False,Butter Naan,bread,85.9,84.0,1.8,20,36.93
2025-08-18,Monday,False,hot,False,False,Gulab Jamun,dessert,39.6,39.6,0.0,40,0.0
2025-08-18,Monday,False,hot,False,False,Tomato Soup,starter,29.3,28.1,1.2,45,55.02
2025-08-18,Monday,False,hot,False,False,Mutton Rogan Josh,main,19.3,19.3,0.0,220,0.0
2025-08-18,Monday,False,hot,False,False,Fresh Fruit Custard,dessert,23.6,22.2,1.4,55,76.8
2025-08-19,Tuesday,False,cloudy,False,True,Paneer Butter Masala,main,53.6,44.1,9.4,120,1130.58
2025-08-19,Tuesday,False,cloudy,False,True,Chicken Biryani,main,83.6,66.3,17.2,150,2587.18
2025-08-19,Tuesday,False,cloudy,False,True,Veg Salad Bowl,starter,37.6,28.0,9.6,60,577.93
2025-08-19,Tuesday,False,cloudy,False,True,Fish Curry,main,39.4,28.7,10.7,180,1922.49
2025-08-19,Tuesday,False,cloudy,False,True,Dal Tadka,main,64.4,53.0,11.4,70,798.85
2025-08-19,Tuesday,False,cloudy,False,True,Butter Naan,bread,145.5,123.0,22.5,20,450.43
2025-08-19,Tuesday,False,cloudy,False,True,Gulab Jamun,dessert,62.0,50.3,11.8,40,470.06
2025-08-19,Tuesday,False,cloudy,False,True,Tomato Soup,starter,46.0,36.7,9.3,45,416.63
2025-08-19,Tuesday,False,cloudy,False,True,Mutton Rogan Josh,main,32.0,27.5,4.5,220,984.95
2025-08-19,Tuesday,False,cloudy,False,True,Fresh Fruit Custard,dessert,29.0,24.3,4.7,55,260.95
2025-08-20,Wednesday,False,clear,True,True,Paneer Butter Masala,main,147.2,86.8,60.4,120,7242.98
2025-08-20,Wednesday,False,clear,True,True,Chicken Biryani,main,139.4,97.1,42.3,150,6343.69
2025-08-20,Wednesday,False,clear,True,True,Veg Salad Bowl,starter,89.8,49.7,40.1,60,2406.22
2025-08-20,Wednesday,False,clear,True,True,Fish Curry,main,83.4,51.8,31.6,180,5686.01
2025-08-20,Wednesday,False,clear,True,True,Dal Tadka,main,114.8,75.5,39.3,70,2748.39
2025-08-20,Wednesday,False,clear,True,True,Butter Naan,bread,251.2,169.8,81.4,20,1628.05
2025-08-20,Wednesday,False,clear,True,True,Gulab Jamun,dessert,143.3,79.0,64.3,40,2570.15
2025-08-20,Wednesday,False,clear,True,True,Tomato Soup,starter,70.4,49.6,20.8,45,935.14
2025-08-20,Wednesday,False,clear,True,True,Mutton Rogan Josh,main,61.8,35.8,26.0,220,5720.58
2025-08-20,Wednesday,False,clear,True,True,Fresh Fruit Custard,dessert,76.4,49.5,26.9,55,1478.66
2025-08-21,Thursday,False,clear,False,False,Paneer Butter Masala,main,44.4,44.3,0.2,120,18.83
2025-08-21,Thursday,False,clear,False,False,Chicken Biryani,main,57.3,53.3,4.0,150,598.81
2025-08-21,Thursday,False,clear,False,False,Veg Salad Bowl,starter,30.4,29.3,1.0,60,61.88
2025-08-21,Thursday,False,clear,False,False,Fish Curry,main,28.0,25.0,2.9,180,526.31
2025-08-21,Thursday,False,clear,False,False,Dal Tadka,main,57.5,53.9,3.7,70,255.68
2025-08-21,Thursday,False,clear,False,False,Butter Naan,bread,87.7,87.7,0.0,20,0.0
2025-08-21,Thursday,False,clear,False,False,Gulab Jamun,dessert,34.7,32.0,2.7,40,107.47
2025-08-21,Thursday,False,clear,False,False,Tomato Soup,starter,28.6,28.6,0.0,45,0.0
2025-08-21,Thursday,False,clear,False,False,Mutton Rogan Josh,main,19.7,19.2,0.4,220,97.93
2025-08-21,Thursday,False,clear,False,False,Fresh Fruit Custard,dessert,24.5,20.7,3.8,55,210.88
2025-08-22,Friday,False,rainy,False,False,Paneer Butter Masala,main,41.8,35.1,6.8,120,811.13
2025-08-22,Friday,False,rainy,False,False,Chicken Biryani,main,48.8,41.5,7.3,150,1096.24
2025-08-22,Friday,False,rainy,False,False,Veg Salad Bowl,starter,27.4,25.5,1.9,60,112.19
2025-08-22,Friday,False,rainy,False,False,Fish Curry,main,23.2,19.9,3.4,180,604.45
2025-08-22,Friday,False,rainy,False,False,Dal Tadka,main,48.7,40.1,8.6,70,599.12
2025-08-22,Friday,False,rainy,False,False,Butter Naan,bread,76.1,63.3,12.9,20,257.47
2025-08-22,Friday,False,rainy,False,False,Gulab Jamun,dessert,29.1,29.1,0.0,40,0.0
2025-08-22,Friday,False,rainy,False,False,Tomato Soup,starter,29.1,22.4,6.7,45,300.75
2025-08-22,Friday,False,rainy,False,False,Mutton Rogan Josh,main,16.2,13.6,2.6,220,569.09
2025-08-22,Friday,False,rainy,False,False,Fresh Fruit Custard,dessert,25.3,22.3,3.0,55,166.94
2025-08-23,Saturday,True,rainy,False,False,Paneer Butter Masala,main,72.8,54.9,17.9,120,2146.89
2025-08-23,Saturday,True,rainy,False,False,Chicken Biryani,main,93.2,63.5,29.7,150,4460.58
2025-08-23,Saturday,True,rainy,False,False,Veg Salad Bowl,starter,46.8,37.2,9.7,60,579.84
2025-08-23,Saturday,True,rainy,False,False,Fish Curry,main,37.1,26.5,10.7,180,1921.51
2025-08-23,Saturday,True,rainy,False,False,Dal Tadka,main,52.4,47.8,4.6,70,322.42
2025-08-23,Saturday,True,rainy,False,False,Butter Naan,bread,105.3,91.2,14.1,20,282.53
2025-08-23,Saturday,True,rainy,False,False,Gulab Jamun,dessert,64.7,48.0,16.7,40,669.05
2025-08-23,Saturday,True,rainy,False,False,Tomato Soup,starter,36.4,28.6,7.7,45,347.75
2025-08-23,Saturday,True,rainy,False,False,Mutton Rogan Josh,main,21.5,17.7,3.8,220,831.67
2025-08-23,Saturday,True,rainy,False,False,Fresh Fruit Custard,dessert,45.4,28.3,17.1,55,939.08
2025-08-24,Sunday,True,cloudy,False,False,Paneer Butter Masala,main,56.0,51.2,4.8,120,579.54
2025-08-24,Sunday,True,cloudy,False,False,Chicken Biryani,main,107.2,92.6,14.6,150,2184.37
2025-08-24,Sunday,True,cloudy,False,False,Veg Salad Bowl,starter,68.0,50.8,17.2,60,1033.93
2025-08-24,Sunday,True,cloudy,False,False,Fish Curry,main,30.3,26.7,3.6,180,653.94
2025-08-24,Sunday,True,cloudy,False,False,Dal Tadka,main,65.0,55.9,9.1,70,635.65
2025-08-24,Sunday,True,cloudy,False,False,Butter Naan,bread,154.2,107.2,47.0,20,939.34
2025-08-24,Sunday,True,cloudy,False,False,Gulab Jamun,dessert,49.4,41.1,8.3,40,331.79
2025-08-24,Sunday,True,cloudy,False,False,Tomato Soup,starter,48.5,40.6,7.9,45,355.96
2025-08-24,Sunday,True,cloudy,False,False,Mutton Rogan Josh,main,29.6,27.4,2.2,220,489.73
2025-08-24,Sunday,True,cloudy,False,False,Fresh Fruit Custard,dessert,37.9,30.1,7.8,55,429.32
2025-08-25,Monday,False,hot,False,False,Paneer Butter Masala,main,52.0,46.8,5.3,120,631.99
2025-08-25,Monday,False,hot,False,False,Chicken Biryani,main,55.5,55.5,0.0,150,0.0
2025-08-25,Monday,False,hot,False,False,Veg Salad Bowl,starter,28.9,27.8,1.0,60,60.91
2025-08-25,Monday,False,hot,False,False,Fish Curry,main,26.0,25.8,0.3,180,45.53
2025-08-25,Monday,False,hot,False,False,Dal Tadka,main,39.9,39.9,0.0,70,0.0
2025-08-25,Monday,False,hot,False,False,Butter Naan,bread,64.1,64.1,0.0,20,0.0
2025-08-25,Monday,False,hot,False,False,Gulab Jamun,dessert,28.8,28.8,0.0,40,0.0
2025-08-25,Monday,False,hot,False,False,Tomato Soup,starter,26.7,26.7,0.0,45,0.0
2025-08-25,Monday,False,hot,False,False,Mutton Rogan Josh,main,22.8,20.9,1.9,220,418.62
2025-08-25,Monday,False,hot,False,False,Fresh Fruit Custard,dessert,21.0,20.5,0.5,55,25.93
2025-08-26,Tuesday,False,clear,False,False,Paneer Butter Masala,main,41.1,36.2,4.9,120,583.09
2025-08-26,Tuesday,False,clear,False,False,Chicken Biryani,main,65.4,60.8,4.5,150,678.26
2025-08-26,Tuesday,False,clear,False,False,Veg Salad Bowl,starter,33.3,33.3,0.0,60,0.0
2025-08-26,Tuesday,False,clear,False,False,Fish Curry,main,31.5,29.1,2.4,180,433.83
2025-08-26,Tuesday,False,clear,False,False,Dal Tadka,main,53.1,50.5,2.6,70,182.23
2025-08-26,Tuesday,False,clear,False,False,Butter Naan,bread,80.5,80.5,0.0,20,0.0
2025-08-26,Tuesday,False,clear,False,False,Gulab Jamun,dessert,36.7,36.5,0.2,40,6.3
2025-08-26,Tuesday,False,clear,False,False,Tomato Soup,starter,30.9,30.9,0.0,45,0.0
2025-08-26,Tuesday,False,clear,False,False,Mutton Rogan Josh,main,22.4,18.7,3.7,220,816.61
2025-08-26,Tuesday,False,clear,False,False,Fresh Fruit Custard,dessert,21.2,20.3,0.8,55,44.49
2025-08-27,Wednesday,False,clear,False,True,Paneer Butter Masala,main,55.5,45.6,9.9,120,1185.12
2025-08-27,Wednesday,False,clear,False,True,Chicken Biryani,main,87.6,75.8,11.9,150,1778.55
2025-08-27,Wednesday,False,clear,False,True,Veg Salad Bowl,starter,54.9,41.0,13.9,60,831.36
2025-08-27,Wednesday,False,clear,False,True,Fish Curry,main,44.5,35.2,9.3,180,1673.34
2025-08-27,Wednesday,False,clear,False,True,Dal Tadka,main,103.4,78.1,25.2,70,1766.06
2025-08-27,Wednesday,False,clear,False,True,Butter Naan,bread,116.9,103.9,13.0,20,260.18
2025-08-27,Wednesday,False,clear,False,True,Gulab Jamun,dessert,59.3,43.2,16.0,40,640.56
2025-08-27,Wednesday,False,clear,False,True,Tomato Soup,starter,58.7,42.2,16.5,45,744.51
2025-08-27,Wednesday,False,clear,False,True,Mutton Rogan Josh,main,30.3,27.4,2.9,220,640.6
2025-08-27,Wednesday,False,clear,False,True,Fresh Fruit Custard,dessert,33.0,29.1,3.9,55,215.91
2025-08-28,Thursday,False,clear,False,False,Paneer Butter Masala,main,47.2,42.5,4.7,120,560.13
2025-08-28,Thursday,False,clear,False,False,Chicken Biryani,main,62.3,58.3,4.0,150,599.63
2025-08-28,Thursday,False,clear,False,False,Veg Salad Bowl,starter,27.7,26.5,1.2,60,73.24
2025-08-28,Thursday,False,clear,False,False,Fish Curry,main,20.5,20.5,0.0,180,0.0
2025-08-28,Thursday,False,clear,False,False,Dal Tadka,main,49.0,49.0,0.0,70,0.0
2025-08-28,Thursday,False,clear,False,False,Butter Naan,bread,97.2,88.4,8.8,20,175.96
2025-08-28,Thursday,False,clear,False,False,Gulab Jamun,dessert,34.9,32.4,2.5,40,101.92
2025-08-28,Thursday,False,clear,False,False,Tomato Soup,starter,25.8,25.8,0.0,45,0.0
2025-08-28,Thursday,False,clear,False,False,Mutton Rogan Josh,main,20.3,20.3,0.0,220,0.0
2025-08-28,Thursday,False,clear,False,False,Fresh Fruit Custard,dessert,25.6,20.8,4.7,55,260.75
2025-08-29,Friday,False,clear,False,False,Paneer Butter Masala,main,39.1,35.2,3.9,120,465.83
2025-08-29,Friday,False,clear,False,False,Chicken Biryani,main,60.2,57.0,3.2,150,479.45
2025-08-29,Friday,False,clear,False,False,Veg Salad Bowl,starter,26.6,26.6,0.0,60,0.0
2025-08-29,Friday,False,clear,False,False,Fish Curry,main,33.3,27.8,5.5,180,993.88
2025-08-29,Friday,False,clear,False,False,Dal Tadka,main,47.6,47.6,0.0,70,0.0
2025-08-29,Friday,False,clear,False,False,Butter Naan,bread,100.4,83.3,17.2,20,343.24
2025-08-29,Friday,False,clear,False,False,Gulab Jamun,dessert,40.8,35.4,5.3,40,213.23
2025-08-29,Friday,False,clear,False,False,Tomato Soup,starter,26.6,25.5,1.1,45,47.62
2025-08-29,Friday,False,clear,False,False,Mutton Rogan Josh,main,22.8,21.5,1.3,220,296.58
2025-08-29,Friday,False,clear,False,False,Fresh Fruit Custard,dessert,20.0,20.0,0.0,55,0.0
2025-08-30,Saturday,True,hot,False,False,Paneer Butter Masala,main,86.5,63.8,22.7,120,2725.58
2025-08-30,Saturday,True,hot,False,False,Chicken Biryani,main,86.4,75.4,11.0,150,1649.48
2025-08-30,Saturday,True,hot,False,False,Veg Salad Bowl,starter,59.9,47.1,12.9,60,773.03
2025-08-30,Saturday,True,hot,False,False,Fish Curry,main,32.8,29.8,3.0,180,540.01
2025-08-30,Saturday,True,hot,False,False,Dal Tadka,main,74.2,64.3,9.9,70,690.87
2025-08-30,Saturday,True,hot,False,False,Butter Naan,bread,135.6,107.7,27.9,20,558.81
2025-08-30,Saturday,True,hot,False,False,Gulab Jamun,dessert,67.3,51.6,15.8,40,630.07
2025-08-30,Saturday,True,hot,False,False,Tomato Soup,starter,35.4,29.0,6.4,45,286.47
2025-08-30,Saturday,True,hot,False,False,Mutton Rogan Josh,main,30.3,29.3,1.0,220,230.96
2025-08-30,Saturday,True,hot,False,False,Fresh Fruit Custard,dessert,30.9,27.4,3.5,55,193.62
2025-08-31,Sunday,True,clear,False,False,Paneer Butter Masala,main,74.3,67.1,7.2,120,868.13
2025-08-31,Sunday,True,clear,False,False,Chicken Biryani,main,96.9,78.9,18.0,150,2694.2
2025-08-31,Sunday,True,clear,False,False,Veg Salad Bowl,starter,52.7,42.4,10.3,60,619.13
2025-08-31,Sunday,True,clear,False,False,Fish Curry,main,47.6,35.0,12.7,180,2279.35
2025-08-31,Sunday,True,clear,False,False,Dal Tadka,main,73.7,68.8,4.9,70,340.76
2025-08-31,Sunday,True,clear,False,False,Butter Naan,bread,147.0,118.3,28.7,20,574.55
2025-08-31,Sunday,True,clear,False,False,Gulab Jamun,dessert,63.1,49.0,14.1,40,562.55
2025-08-31,Sunday,True,clear,False,False,Tomato Soup,starter,46.9,38.7,8.3,45,372.52
2025-08-31,Sunday,True,clear,False,False,Mutton Rogan Josh,main,27.4,27.4,0.0,220,0.0
2025-08-31,Sunday,True,clear,False,False,Fresh Fruit Custard,dessert,33.7,29.4,4.3,55,235.08
2025-09-01,Monday,False,hot,False,False,Paneer Butter Masala,main,43.8,42.4,1.4,120,165.59
2025-09-01,Monday,False,hot,False,False,Chicken Biryani,main,53.8,51.3,2.5,150,379.05
2025-09-01,Monday,False,hot,False,False,Veg Salad Bowl,starter,33.6,33.6,0.0,60,0.0
2025-09-01,Monday,False,hot,False,False,Fish Curry,main,28.1,25.0,3.1,180,552.81
2025-09-01,Monday,False,hot,False,False,Dal Tadka,main,35.1,34.5,0.5,70,37.0
2025-09-01,Monday,False,hot,False,False,Butter Naan,bread,75.9,75.9,0.0,20,0.0
2025-09-01,Monday,False,hot,False,False,Gulab Jamun,dessert,34.3,32.9,1.4,40,54.39
2025-09-01,Monday,False,hot,False,False,Tomato Soup,starter,35.1,34.5,0.6,45,27.79
2025-09-01,Monday,False,hot,False,False,Mutton Rogan Josh,main,24.7,20.7,4.0,220,885.15
2025-09-01,Monday,False,hot,False,False,Fresh Fruit Custard,dessert,24.9,20.5,4.4,55,241.72
2025-09-02,Tuesday,False,clear,False,False,Paneer Butter Masala,main,46.2,43.6,2.6,120,316.17
2025-09-02,Tuesday,False,clear,False,False,Chicken Biryani,main,54.6,54.6,0.0,150,0.0
2025-09-02,Tuesday,False,clear,False,False,Veg Salad Bowl,starter,34.2,30.3,4.0,60,237.47
2025-09-02,Tuesday,False,clear,False,False,Fish Curry,main,25.5,25.0,0.6,180,105.15
2025-09-02,Tuesday,False,clear,False,False,Dal Tadka,main,48.1,43.6,4.4,70,308.53
2025-09-02,Tuesday,False,clear,False,False,Butter Naan,bread,91.8,91.8,0.0,20,0.0
2025-09-02,Tuesday,False,clear,False,False,Gulab Jamun,dessert,34.2,32.2,2.0,40,78.88
2025-09-02,Tuesday,False,clear,False,False,Tomato Soup,starter,37.8,33.1,4.7,45,209.93
2025-09-02,Tuesday,False,clear,False,False,Mutton Rogan Josh,main,17.1,17.0,0.1,220,30.81
2025-09-02,Tuesday,False,clear,False,False,Fresh Fruit Custard,dessert,20.3,19.5,0.7,55,40.11
2025-09-03,Wednesday,False,cloudy,False,False,Paneer Butter Masala,main,32.2,32.2,0.0,120,0.0
2025-09-03,Wednesday,False,cloudy,False,False,Chicken Biryani,main,61.2,56.9,4.3,150,647.78
2025-09-03,Wednesday,False,cloudy,False,False,Veg Salad Bowl,starter,36.4,31.6,4.9,60,292.18
2025-09-03,Wednesday,False,cloudy,False,False,Fish Curry,main,22.7,19.7,3.0,180,531.55
2025-09-03,Wednesday,False,cloudy,False,False,Dal Tadka,main,46.8,43.3,3.5,70,241.62
2025-09-03,Wednesday,False,cloudy,False,False,Butter Naan,bread,68.0,67.3,0.7,20,14.0
2025-09-03,Wednesday,False,cloudy,False,False,Gulab Jamun,dessert,40.5,36.0,4.5,40,180.3
2025-09-03,Wednesday,False,cloudy,False,False,Tomato Soup,starter,23.8,22.7,1.1,45,48.54
2025-09-03,Wednesday,False,cloudy,False,False,Mutton Rogan Josh,main,18.6,17.4,1.2,220,274.22
2025-09-03,Wednesday,False,cloudy,False,False,Fresh Fruit Custard,dessert,28.1,24.1,4.1,55,223.76
2025-09-04,Thursday,False,cloudy,False,False,Paneer Butter Masala,main,46.5,46.5,0.0,120,0.0
2025-09-04,Thursday,False,cloudy,False,False,Chicken Biryani,main,65.2,59.0,6.1,150,917.49
2025-09-04,Thursday,False,cloudy,False,False,Veg Salad Bowl,starter,29.1,29.1,0.0,60,0.0
2025-09-04,Thursday,False,cloudy,False,False,Fish Curry,main,27.8,27.8,0.0,180,0.0
2025-09-04,Thursday,False,cloudy,False,False,Dal Tadka,main,44.8,44.0,0.7,70,51.56
2025-09-04,Thursday,False,cloudy,False,False,Butter Naan,bread,86.9,86.9,0.0,20,0.0
2025-09-04,Thursday,False,cloudy,False,False,Gulab Jamun,dessert,33.4,32.1,1.2,40,49.02
2025-09-04,Thursday,False,cloudy,False,False,Tomato Soup,starter,38.8,31.4,7.4,45,333.6
2025-09-04,Thursday,False,cloudy,False,False,Mutton Rogan Josh,main,17.3,16.4,0.9,220,201.77
2025-09-04,Thursday,False,cloudy,False,False,Fresh Fruit Custard,dessert,21.9,19.1,2.8,55,154.04
2025-09-05,Friday,False,cloudy,False,False,Paneer Butter Masala,main,38.2,37.2,1.1,120,127.98
2025-09-05,Friday,False,cloudy,False,False,Chicken Biryani,main,60.8,57.1,3.7,150,554.16
2025-09-05,Friday,False,cloudy,False,False,Veg Salad Bowl,starter,30.0,30.0,0.0,60,0.0
2025-09-05,Friday,False,cloudy,False,False,Fish Curry,main,28.4,27.2,1.2,180,222.88
2025-09-05,Friday,False,cloudy,False,False,Dal Tadka,main,51.3,51.3,0.0,70,0.0
2025-09-05,Friday,False,cloudy,False,False,Butter Naan,bread,65.1,64.6,0.5,20,9.37
2025-09-05,Friday,False,cloudy,False,False,Gulab Jamun,dessert,42.2,40.4,1.7,40,69.99
2025-09-05,Friday,False,cloudy,False,False,Tomato Soup,starter,27.3,27.3,0.0,45,0.0
2025-09-05,Friday,False,cloudy,False,False,Mutton Rogan Josh,main,24.2,24.2,0.0,220,0.0
2025-09-05,Friday,False,cloudy,False,False,Fresh Fruit Custard,dessert,22.3,20.1,2.2,55,119.68
2025-09-06,Saturday,True,cloudy,False,False,Paneer Butter Masala,main,73.7,58.0,15.7,120,1882.37
2025-09-06,Saturday,True,cloudy,False,False,Chicken Biryani,main,91.9,79.2,12.7,150,1899.62
2025-09-06,Saturday,True,cloudy,False,False,Veg Salad Bowl,starter,42.1,35.3,6.8,60,405.97
2025-09-06,Saturday,True,cloudy,False,False,Fish Curry,main,37.2,29.8,7.4,180,1323.16
2025-09-06,Saturday,True,cloudy,False,False,Dal Tadka,main,87.2,66.6,20.5,70,1437.64
2025-09-06,Saturday,True,cloudy,False,False,Butter Naan,bread,140.5,112.8,27.7,20,554.62
2025-09-06,Saturday,True,cloudy,False,False,Gulab Jamun,dessert,51.7,45.6,6.1,40,245.78
2025-09-06,Saturday,True,cloudy,False,False,Tomato Soup,starter,46.3,39.9,6.3,45,284.13
2025-09-06,Saturday,True,cloudy,False,False,Mutton Rogan Josh,main,30.1,27.9,2.2,220,489.47
2025-09-06,Saturday,True,cloudy,False,False,Fresh Fruit Custard,dessert,33.8,26.6,7.2,55,396.59
2025-09-07,Sunday,True,clear,False,False,Paneer Butter Masala,main,66.2,58.3,7.8,120,941.67
2025-09-07,Sunday,True,clear,False,False,Chicken Biryani,main,97.3,74.4,22.9,150,3439.3
2025-09-07,Sunday,True,clear,False,False,Veg Salad Bowl,starter,56.9,44.4,12.5,60,750.92
2025-09-07,Sunday,True,clear,False,False,Fish Curry,main,47.0,41.5,5.5,180,988.77
2025-09-07,Sunday,True,clear,False,False,Dal Tadka,main,59.0,53.6,5.5,70,383.97
2025-09-07,Sunday,True,clear,False,False,Butter Naan,bread,104.7,104.7,0.0,20,0.0
2025-09-07,Sunday,True,clear,False,False,Gulab Jamun,dessert,52.0,46.1,5.9,40,236.99
2025-09-07,Sunday,True,clear,False,False,Tomato Soup,starter,50.8,41.4,9.5,45,425.59
2025-09-07,Sunday,True,clear,False,False,Mutton Rogan Josh,main,31.0,25.1,5.9,220,1299.09
2025-09-07,Sunday,True,clear,False,False,Fresh Fruit Custard,dessert,36.7,32.3,4.4,55,240.74
2025-09-08,Monday,False,clear,False,True,Paneer Butter Masala,main,50.5,43.5,7.0,120,842.93
2025-09-08,Monday,False,clear,False,True,Chicken Biryani,main,78.5,69.4,9.2,150,1377.03
2025-09-08,Monday,False,clear,False,True,Veg Salad Bowl,starter,39.8,35.2,4.6,60,278.65
2025-09-08,Monday,False,clear,False,True,Fish Curry,main,41.2,31.9,9.3,180,1679.51
2025-09-08,Monday,False,clear,False,True,Dal Tadka,main,72.0,59.0,13.0,70,913.06
2025-09-08,Monday,False,clear,False,True,Butter Naan,bread,93.7,81.5,12.2,20,244.5
2025-09-08,Monday,False,clear,False,True,Gulab Jamun,dessert,49.5,41.6,7.9,40,316.77
2025-09-08,Monday,False,clear,False,True,Tomato Soup,starter,49.0,35.3,13.7,45,614.98
2025-09-08,Monday,False,clear,False,True,Mutton Rogan Josh,main,31.1,27.4,3.6,220,801.75
2025-09-08,Monday,False,clear,False,True,Fresh Fruit Custard,dessert,39.4,29.7,9.7,55,530.83
2025-09-09,Tuesday,False,hot,False,False,Paneer Butter Masala,main,39.2,39.2,0.0,120,0.0
2025-09-09,Tuesday,False,hot,False,False,Chicken Biryani,main,60.5,58.0,2.5,150,372.31
2025-09-09,Tuesday,False,hot,False,False,Veg Salad Bowl,starter,30.7,29.2,1.5,60,90.76
2025-09-09,Tuesday,False,hot,False,False,Fish Curry,main,25.2,22.8,2.3,180,416.31
2025-09-09,Tuesday,False,hot,False,False,Dal Tadka,main,46.3,44.8,1.5,70,105.23
2025-09-09,Tuesday,False,hot,False,False,Butter Naan,bread,83.4,83.4,0.0,20,0.0
2025-09-09,Tuesday,False,hot,False,False,Gulab Jamun,dessert,31.2,31.2,0.0,40,0.0
2025-09-09,Tuesday,False,hot,False,False,Tomato Soup,starter,29.9,29.9,0.0,45,0.0
2025-09-09,Tuesday,False,hot,False,False,Mutton Rogan Josh,main,21.5,20.3,1.2,220,270.75
2025-09-09,Tuesday,False,hot,False,False,Fresh Fruit Custard,dessert,23.6,23.6,0.0,55,0.0
2025-09-10,Wednesday,False,rainy,False,False,Paneer Butter Masala,main,52.4,41.0,11.4,120,1370.52
2025-09-10,Wednesday,False,rainy,False,False,Chicken Biryani,main,52.6,48.6,3.9,150,587.51
2025-09-10,Wednesday,False,rainy,False,False,Veg Salad Bowl,starter,33.0,27.7,5.3,60,315.38
2025-09-10,Wednesday,False,rainy,False,False,Fish Curry,main,25.8,22.7,3.2,180,568.45
2025-09-10,Wednesday,False,rainy,False,False,Dal Tadka,main,44.4,37.5,6.9,70,486.01
2025-09-10,Wednesday,False,rainy,False,False,Butter Naan,bread,84.4,70.0,14.4,20,288.18
2025-09-10,Wednesday,False,rainy,False,False,Gulab Jamun,dessert,29.2,27.7,1.5,40,58.9
2025-09-10,Wednesday,False,rainy,False,False,Tomato Soup,starter,40.8,28.4,12.3,45,554.13
2025-09-10,Wednesday,False,rainy,False,False,Mutton Rogan Josh,main,18.9,17.9,1.0,220,216.8
2025-09-10,Wednesday,False,rainy,False,False,Fresh Fruit Custard,dessert,21.4,17.0,4.4,55,241.93
2025-09-11,Thursday,False,clear,False,True,Paneer Butter Masala,main,61.8,49.3,12.5,120,1503.38
2025-09-11,Thursday,False,clear,False,True,Chicken Biryani,main,90.4,75.9,14.5,150,2177.76
2025-09-11,Thursday,False,clear,False,True,Veg Salad Bowl,starter,40.1,30.5,9.7,60,580.08
2025-09-11,Thursday,False,clear,False,True,Fish Curry,main,44.0,35.5,8.6,180,1543.33
2025-09-11,Thursday,False,clear,False,True,Dal Tadka,main,69.2,59.0,10.2,70,717.16
2025-09-11,Thursday,False,clear,False,True,Butter Naan,bread,117.6,89.9,27.8,20,555.92
2025-09-11,Thursday,False,clear,False,True,Gulab Jamun,dessert,58.5,45.8,12.7,40,509.58
2025-09-11,Thursday,False,clear,False,True,Tomato Soup,starter,47.1,41.3,5.8,45,260.13
2025-09-11,Thursday,False,clear,False,True,Mutton Rogan Josh,main,29.1,23.3,5.7,220,1261.01
2025-09-11,Thursday,False,clear,False,True,Fresh Fruit Custard,dessert,34.3,25.6,8.7,55,477.93
2025-09-12,Friday,False,rainy,False,False,Paneer Butter Masala,main,41.2,34.3,6.9,120,827.16
2025-09-12,Friday,False,rainy,False,False,Chicken Biryani,main,63.0,52.0,11.0,150,1653.05
2025-09-12,Friday,False,rainy,False,False,Veg Salad Bowl,starter,33.3,26.9,6.3,60,380.86
2025-09-12,Friday,False,rainy,False,False,Fish Curry,main,23.5,20.8,2.7,180,490.67
2025-09-12,Friday,False,rainy,False,False,Dal Tadka,main,45.1,39.6,5.5,70,384.57
2025-09-12,Friday,False,rainy,False,False,Butter Naan,bread,105.1,81.8,23.3,20,465.47
2025-09-12,Friday,False,rainy,False,False,Gulab Jamun,dessert,38.9,32.0,6.9,40,276.21
2025-09-12,Friday,False,rainy,False,False,Tomato Soup,starter,25.3,23.5,1.8,45,78.88
2025-09-12,Friday,False,rainy,False,False,Mutton Rogan Josh,main,19.7,16.6,3.1,220,690.61
2025-09-12,Friday,False,rainy,False,False,Fresh Fruit Custard,dessert,24.1,19.2,4.9,55,269.97
2025-09-13,Saturday,True,clear,False,True,Paneer Butter Masala,main,95.8,62.0,33.8,120,4058.26
2025-09-13,Saturday,True,clear,False,True,Chicken Biryani,main,135.1,101.4,33.7,150,5049.92
2025-09-13,Saturday,True,clear,False,True,Veg Salad Bowl,starter,69.6,50.0,19.7,60,1179.74
2025-09-13,Saturday,True,clear,False,True,Fish Curry,main,61.5,42.3,19.2,180,3452.55
2025-09-13,Saturday,True,clear,False,True,Dal Tadka,main,137.7,99.0,38.7,70,2709.25
2025-09-13,Saturday,True,clear,False,True,Butter Naan,bread,171.5,145.7,25.7,20,514.47
2025-09-13,Saturday,True,clear,False,True,Gulab Jamun,dessert,84.3,55.6,28.7,40,1147.36
2025-09-13,Saturday,True,clear,False,True,Tomato Soup,starter,49.5,49.5,0.0,45,0.0
2025-09-13,Saturday,True,clear,False,True,Mutton Rogan Josh,main,58.1,36.5,21.6,220,4749.25
2025-09-13,Saturday,True,clear,False,True,Fresh Fruit Custard,dessert,44.6,28.2,16.4,55,902.79
2025-09-14,Sunday,True,rainy,False,False,Paneer Butter Masala,main,49.7,45.9,3.9,120,462.32
2025-09-14,Sunday,True,rainy,False,False,Chicken Biryani,main,96.2,66.5,29.7,150,4458.13
2025-09-14,Sunday,True,rainy,False,False,Veg Salad Bowl,starter,51.0,35.9,15.0,60,901.93
2025-09-14,Sunday,True,rainy,False,False,Fish Curry,main,31.3,27.3,4.1,180,731.24
2025-09-14,Sunday,True,rainy,False,False,Dal Tadka,main,84.2,55.9,28.2,70,1976.05
2025-09-14,Sunday,True,rainy,False,False,Butter Naan,bread,114.8,104.2,10.6,20,211.97
2025-09-14,Sunday,True,rainy,False,False,Gulab Jamun,dessert,40.7,32.9,7.9,40,315.46
2025-09-14,Sunday,True,rainy,False,False,Tomato Soup,starter,35.1,26.0,9.1,45,409.03
2025-09-14,Sunday,True,rainy,False,False,Mutton Rogan Josh,main,28.3,24.0,4.3,220,940.2
2025-09-14,Sunday,True,rainy,False,False,Fresh Fruit Custard,dessert,39.3,27.6,11.7,55,645.74
2025-09-15,Monday,False,cloudy,False,True,Paneer Butter Masala,main,46.0,38.3,7.7,120,929.21
2025-09-15,Monday,False,cloudy,False,True,Chicken Biryani,main,85.4,68.8,16.6,150,2493.06
2025-09-15,Monday,False,cloudy,False,True,Veg Salad Bowl,starter,50.2,39.2,11.0,60,657.52
2025-09-15,Monday,False,cloudy,False,True,Fish Curry,main,38.7,30.3,8.4,180,1517.52
2025-09-15,Monday,False,cloudy,False,True,Dal Tadka,main,76.3,63.0,13.3,70,929.3
2025-09-15,Monday,False,cloudy,False,True,Butter Naan,bread,123.7,103.8,19.9,20,398.59
2025-09-15,Monday,False,cloudy,False,True,Gulab Jamun,dessert,51.7,40.4,11.4,40,454.31
2025-09-15,Monday,False,cloudy,False,True,Tomato Soup,starter,41.9,32.7,9.3,45,416.7
2025-09-15,Monday,False,cloudy,False,True,Mutton Rogan Josh,main,30.1,25.1,5.0,220,1104.24
2025-09-15,Monday,False,cloudy,False,True,Fresh Fruit Custard,dessert,31.9,26.4,5.5,55,303.35
2025-09-16,Tuesday,False,rainy,False,False,Paneer Butter Masala,main,44.2,34.9,9.3,120,1113.54
2025-09-16,Tuesday,False,rainy,False,False,Chicken Biryani,main,59.2,43.8,15.5,150,2318.63
2025-09-16,Tuesday,False,rainy,False,False,Veg Salad Bowl,starter,27.3,24.3,2.9,60,176.17
2025-09-16,Tuesday,False,rainy,False,False,Fish Curry,main,19.3,18.7,0.6,180,113.0
2025-09-16,Tuesday,False,rainy,False,False,Dal Tadka,main,58.8,45.3,13.5,70,945.69
2025-09-16,Tuesday,False,rainy,False,False,Butter Naan,bread,78.5,72.9,5.6,20,112.04
2025-09-16,Tuesday,False,rainy,False,False,Gulab Jamun,dessert,41.5,36.2,5.3,40,212.66
2025-09-16,Tuesday,False,rainy,False,False,Tomato Soup,starter,30.7,23.0,7.7,45,344.51
2025-09-16,Tuesday,False,rainy,False,False,Mutton Rogan Josh,main,25.5,18.3,7.1,220,1564.99
2025-09-16,Tuesday,False,rainy,False,False,Fresh Fruit Custard,dessert,22.6,19.3,3.3,55,181.72
2025-09-17,Wednesday,False,clear,False,False,Paneer Butter Masala,main,43.7,38.7,5.0,120,602.08
2025-09-17,Wednesday,False,clear,False,False,Chicken Biryani,main,60.5,59.0,1.6,150,235.8
2025-09-17,Wednesday,False,clear,False,False,Veg Salad Bowl,starter,28.4,26.4,2.0,60,117.53
2025-09-17,Wednesday,False,clear,False,False,Fish Curry,main,30.5,28.0,2.4,180,434.95
2025-09-17,Wednesday,False,clear,False,False,Dal Tadka,main,45.9,45.9,0.0,70,0.0
2025-09-17,Wednesday,False,clear,False,False,Butter Naan,bread,88.3,88.3,0.0,20,0.0
2025-09-17,Wednesday,False,clear,False,False,Gulab Jamun,dessert,45.5,36.6,8.9,40,354.06
2025-09-17,Wednesday,False,clear,False,False,Tomato Soup,starter,23.5,22.9,0.6,45,25.61
2025-09-17,Wednesday,False,clear,False,False,Mutton Rogan Josh,main,20.0,20.0,0.0,220,0.0
2025-09-17,Wednesday,False,clear,False,False,Fresh Fruit Custard,dessert,27.2,24.7,2.5,55,136.14
2025-09-18,Thursday,False,cloudy,False,False,Paneer Butter Masala,main,52.0,40.1,12.0,120,1434.68
2025-09-18,Thursday,False,cloudy,False,False,Chicken Biryani,main,58.3,56.0,2.3,150,344.5
2025-09-18,Thursday,False,cloudy,False,False,Veg Salad Bowl,starter,24.1,23.8,0.2,60,13.06
2025-09-18,Thursday,False,cloudy,False,False,Fish Curry,main,28.4,28.4,0.0,180,0.0
2025-09-18,Thursday,False,cloudy,False,False,Dal Tadka,main,34.1,33.3,0.8,70,52.84
2025-09-18,Thursday,False,cloudy,False,False,Butter Naan,bread,94.4,93.2,1.3,20,25.01
2025-09-18,Thursday,False,cloudy,False,False,Gulab Jamun,dessert,33.6,33.6,0.0,40,0.0
2025-09-18,Thursday,False,cloudy,False,False,Tomato Soup,starter,32.5,29.5,3.0,45,133.21
2025-09-18,Thursday,False,cloudy,False,False,Mutton Rogan Josh,main,17.7,15.7,1.9,220,427.17
2025-09-18,Thursday,False,cloudy,False,False,Fresh Fruit Custard,dessert,27.8,24.0,3.7,55,206.13
2025-09-19,Friday,False,clear,False,False,Paneer Butter Masala,main,47.0,42.5,4.5,120,545.23
2025-09-19,Friday,False,clear,False,False,Chicken Biryani,main,43.0,43.0,0.0,150,0.0
2025-09-19,Friday,False,clear,False,False,Veg Salad Bowl,starter,28.6,27.4,1.2,60,72.28
2025-09-19,Friday,False,clear,False,False,Fish Curry,main,28.2,26.2,2.0,180,363.93
2025-09-19,Friday,False,clear,False,False,Dal Tadka,main,56.8,51.0,5.8,70,406.23
2025-09-19,Friday,False,clear,False,False,Butter Naan,bread,73.7,71.6,2.1,20,41.94
2025-09-19,Friday,False,clear,False,False,Gulab Jamun,dessert,31.9,31.4,0.5,40,18.22
2025-09-19,Friday,False,clear,False,False,Tomato Soup,starter,29.1,29.1,0.0,45,0.0
2025-09-19,Friday,False,clear,False,False,Mutton Rogan Josh,main,27.8,25.8,2.0,220,434.97
2025-09-19,Friday,False,clear,False,False,Fresh Fruit Custard,dessert,25.0,20.4,4.6,55,251.04
2025-09-20,Saturday,True,clear,False,True,Paneer Butter Masala,main,99.7,63.6,36.1,120,4332.18
2025-09-20,Saturday,True,clear,False,True,Chicken Biryani,main,127.5,91.6,35.9,150,5380.97
2025-09-20,Saturday,True,clear,False,True,Veg Salad Bowl,starter,85.2,57.9,27.3,60,1636.53
2025-09-20,Saturday,True,clear,False,True,Fish Curry,main,63.9,41.9,22.0,180,3955.92
2025-09-20,Saturday,True,clear,False,True,Dal Tadka,main,139.2,99.1,40.1,70,2807.15
2025-09-20,Saturday,True,clear,False,True,Butter Naan,bread,188.7,136.9,51.8,20,1036.44
2025-09-20,Saturday,True,clear,False,True,Gulab Jamun,dessert,89.8,68.4,21.5,40,858.06
2025-09-20,Saturday,True,clear,False,True,Tomato Soup,starter,55.9,45.7,10.2,45,459.18
2025-09-20,Saturday,True,clear,False,True,Mutton Rogan Josh,main,38.3,29.0,9.3,220,2056.51
2025-09-20,Saturday,True,clear,False,True,Fresh Fruit Custard,dessert,59.4,36.9,22.5,55,1236.28
2025-09-21,Sunday,True,clear,False,False,Paneer Butter Masala,main,64.8,49.3,15.5,120,1864.81
2025-09-21,Sunday,True,clear,False,False,Chicken Biryani,main,99.3,84.3,15.0,150,2246.02
2025-09-21,Sunday,True,clear,False,False,Veg Salad Bowl,starter,50.4,38.3,12.0,60,721.22
2025-09-21,Sunday,True,clear,False,False,Fish Curry,main,36.8,29.7,7.1,180,1271.55
2025-09-21,Sunday,True,clear,False,False,Dal Tadka,main,91.9,77.3,14.6,70,1024.11
2025-09-21,Sunday,True,clear,False,False,Butter Naan,bread,117.3,97.9,19.4,20,388.04
2025-09-21,Sunday,True,clear,False,False,Gulab Jamun,dessert,46.7,44.6,2.2,40,86.31
2025-09-21,Sunday,True,clear,False,False,Tomato Soup,starter,53.4,41.0,12.4,45,556.67
2025-09-21,Sunday,True,clear,False,False,Mutton Rogan Josh,main,29.7,26.0,3.8,220,825.67
2025-09-21,Sunday,True,clear,False,False,Fresh Fruit Custard,dessert,31.4,26.3,5.1,55,282.48
2025-09-22,Monday,False,clear,False,False,Paneer Butter Masala,main,52.7,49.1,3.6,120,433.65
2025-09-22,Monday,False,clear,False,False,Chicken Biryani,main,64.5,58.8,5.7,150,859.09
2025-09-22,Monday,False,clear,False,False,Veg Salad Bowl,starter,33.4,32.8,0.7,60,39.59
2025-09-22,Monday,False,clear,False,False,Fish Curry,main,26.5,25.8,0.7,180,127.34
2025-09-22,Monday,False,clear,False,False,Dal Tadka,main,49.6,47.4,2.3,70,158.76
2025-09-22,Monday,False,clear,False,False,Butter Naan,bread,76.3,76.3,0.0,20,0.0
2025-09-22,Monday,False,clear,False,False,Gulab Jamun,dessert,36.1,35.6,0.5,40,18.76
2025-09-22,Monday,False,clear,False,False,Tomato Soup,starter,23.5,21.6,1.9,45,85.18
2025-09-22,Monday,False,clear,False,False,Mutton Rogan Josh,main,27.6,22.3,5.3,220,1170.16
2025-09-22,Monday,False,clear,False,False,Fresh Fruit Custard,dessert,21.3,21.0,0.3,55,16.51
2025-09-23,Tuesday,False,cloudy,False,False,Paneer Butter Masala,main,41.0,41.0,0.0,120,0.0
2025-09-23,Tuesday,False,cloudy,False,False,Chicken Biryani,main,53.8,53.8,0.0,150,0.0
2025-09-23,Tuesday,False,cloudy,False,False,Veg Salad Bowl,starter,33.3,33.3,0.0,60,0.0
2025-09-23,Tuesday,False,cloudy,False,False,Fish Curry,main,24.9,24.9,0.0,180,0.0
2025-09-23,Tuesday,False,cloudy,False,False,Dal Tadka,main,41.9,41.9,0.0,70,0.0
2025-09-23,Tuesday,False,cloudy,False,False,Butter Naan,bread,83.8,79.9,3.9,20,77.91
2025-09-23,Tuesday,False,cloudy,False,False,Gulab Jamun,dessert,44.8,41.0,3.7,40,148.38
2025-09-23,Tuesday,False,cloudy,False,False,Tomato Soup,starter,36.4,31.2,5.2,45,233.16
2025-09-23,Tuesday,False,cloudy,False,False,Mutton Rogan Josh,main,21.9,21.4,0.6,220,126.81
2025-09-23,Tuesday,False,cloudy,False,False,Fresh Fruit Custard,dessert,28.4,24.7,3.7,55,204.82
2025-09-24,Wednesday,False,clear,False,False,Paneer Butter Masala,main,36.4,36.0,0.4,120,52.83
2025-09-24,Wednesday,False,clear,False,False,Chicken Biryani,main,61.5,60.1,1.4,150,209.75
2025-09-24,Wednesday,False,clear,False,False,Veg Salad Bowl,starter,39.8,34.1,5.7,60,339.58
2025-09-24,Wednesday,False,clear,False,False,Fish Curry,main,32.9,28.6,4.3,180,778.65
2025-09-24,Wednesday,False,clear,False,False,Dal Tadka,main,41.7,39.4,2.3,70,163.78
2025-09-24,Wednesday,False,clear,False,False,Butter Naan,bread,74.2,74.2,0.0,20,0.0
2025-09-24,Wednesday,False,clear,False,False,Gulab Jamun,dessert,38.5,33.8,4.7,40,188.1
2025-09-24,Wednesday,False,clear,False,False,Tomato Soup,starter,35.9,29.5,6.3,45,284.13
2025-09-24,Wednesday,False,clear,False,False,Mutton Rogan Josh,main,25.2,20.4,4.7,220,1041.16
2025-09-24,Wednesday,False,clear,False,False,Fresh Fruit Custard,dessert,23.9,22.5,1.4,55,76.5
2025-09-25,Thursday,False,clear,False,True,Paneer Butter Masala,main,55.0,47.0,8.0,120,964.58
2025-09-25,Thursday,False,clear,False,True,Chicken Biryani,main,106.2,79.3,26.9,150,4027.55
2025-09-25,Thursday,False,clear,False,True,Veg Salad Bowl,starter,51.9,42.6,9.3,60,558.76
2025-09-25,Thursday,False,clear,False,True,Fish Curry,main,38.6,31.1,7.6,180,1364.19
2025-09-25,Thursday,False,clear,False,True,Dal Tadka,main,84.4,61.5,22.9,70,1600.69
2025-09-25,Thursday,False,clear,False,True,Butter Naan,bread,146.3,104.4,41.9,20,837.78
2025-09-25,Thursday,False,clear,False,True,Gulab Jamun,dessert,58.5,48.5,10.0,40,401.05
2025-09-25,Thursday,False,clear,False,True,Tomato Soup,starter,54.4,38.5,16.0,45,718.47
2025-09-25,Thursday,False,clear,False,True,Mutton Rogan Josh,main,41.7,31.0,10.7,220,2364.72
2025-09-25,Thursday,False,clear,False,True,Fresh Fruit Custard,dessert,34.2,27.6,6.6,55,361.32
2025-09-26,Friday,False,clear,False,False,Paneer Butter Masala,main,45.1,42.1,3.1,120,366.8
2025-09-26,Friday,False,clear,False,False,Chicken Biryani,main,55.3,55.3,0.0,150,0.0
2025-09-26,Friday,False,clear,False,False,Veg Salad Bowl,starter,31.4,29.4,2.0,60,117.25
2025-09-26,Friday,False,clear,False,False,Fish Curry,main,31.1,30.2,0.9,180,162.1
2025-09-26,Friday,False,clear,False,False,Dal Tadka,main,45.3,45.3,0.0,70,0.0
2025-09-26,Friday,False,clear,False,False,Butter Naan,bread,97.3,86.9,10.5,20,209.25
2025-09-26,Friday,False,clear,False,False,Gulab Jamun,dessert,43.8,41.8,2.0,40,78.22
2025-09-26,Friday,False,clear,False,False,Tomato Soup,starter,30.9,29.9,1.0,45,43.32
2025-09-26,Friday,False,clear,False,False,Mutton Rogan Josh,main,22.5,21.3,1.2,220,261.41
2025-09-26,Friday,False,clear,False,False,Fresh Fruit Custard,dessert,23.7,22.2,1.6,55,87.34
2025-09-27,Saturday,True,clear,False,True,Paneer Butter Masala,main,103.2,65.5,37.6,120,4515.49
2025-09-27,Saturday,True,clear,False,True,Chicken Biryani,main,152.8,123.0,29.8,150,4474.53
2025-09-27,Saturday,True,clear,False,True,Veg Salad Bowl,starter,55.8,43.0,12.8,60,766.86
2025-09-27,Saturday,True,clear,False,True,Fish Curry,main,62.5,41.7,20.8,180,3752.27
2025-09-27,Saturday,True,clear,False,True,Dal Tadka,main,112.9,81.3,31.6,70,2213.66
2025-09-27,Saturday,True,clear,False,True,Butter Naan,bread,184.4,143.6,40.9,20,817.48
2025-09-27,Saturday,True,clear,False,True,Gulab Jamun,dessert,79.0,57.3,21.7,40,866.36
2025-09-27,Saturday,True,clear,False,True,Tomato Soup,starter,48.4,38.3,10.2,45,457.02
2025-09-27,Saturday,True,clear,False,True,Mutton Rogan Josh,main,42.8,29.2,13.6,220,2983.82
2025-09-27,Saturday,True,clear,False,True,Fresh Fruit Custard,dessert,56.5,38.2,18.3,55,1006.7
2025-09-28,Sunday,True,clear,True,True,Paneer Butter Masala,main,152.8,116.6,36.2,120,4343.44
2025-09-28,Sunday,True,clear,True,True,Chicken Biryani,main,243.7,170.3,73.4,150,11003.08
2025-09-28,Sunday,True,clear,True,True,Veg Salad Bowl,starter,141.3,89.2,52.1,60,3124.39
2025-09-28,Sunday,True,clear,True,True,Fish Curry,main,162.4,76.0,86.4,180,15543.93
2025-09-28,Sunday,True,clear,True,True,Dal Tadka,main,155.8,88.4,67.4,70,4718.55
2025-09-28,Sunday,True,clear,True,True,Butter Naan,bread,290.3,169.1,121.2,20,2424.26
2025-09-28,Sunday,True,clear,True,True,Gulab Jamun,dessert,156.4,92.2,64.3,40,2570.92
2025-09-28,Sunday,True,clear,True,True,Tomato Soup,starter,121.2,67.3,53.9,45,2426.4
2025-09-28,Sunday,True,clear,True,True,Mutton Rogan Josh,main,82.4,44.6,37.8,220,8312.28
2025-09-28,Sunday,True,clear,True,True,Fresh Fruit Custard,dessert,85.7,56.5,29.3,55,1609.54
2025-09-29,Monday,False,hot,False,True,Paneer Butter Masala,main,83.3,61.4,21.9,120,2622.53
2025-09-29,Monday,False,hot,False,True,Chicken Biryani,main,75.6,62.2,13.5,150,2020.41
2025-09-29,Monday,False,hot,False,True,Veg Salad Bowl,starter,53.6,38.0,15.5,60,931.88
2025-09-29,Monday,False,hot,False,True,Fish Curry,main,41.7,32.9,8.8,180,1584.45
2025-09-29,Monday,False,hot,False,True,Dal Tadka,main,66.7,54.9,11.8,70,826.51
2025-09-29,Monday,False,hot,False,True,Butter Naan,bread,140.0,115.7,24.3,20,486.58
2025-09-29,Monday,False,hot,False,True,Gulab Jamun,dessert,48.9,41.7,7.3,40,290.82
2025-09-29,Monday,False,hot,False,True,Tomato Soup,starter,36.1,32.7,3.4,45,154.9
2025-09-29,Monday,False,hot,False,True,Mutton Rogan Josh,main,31.3,22.7,8.6,220,1889.02
2025-09-29,Monday,False,hot,False,True,Fresh Fruit Custard,dessert,35.7,26.8,8.9,55,488.23
2025-09-30,Tuesday,False,clear,False,False,Paneer Butter Masala,main,39.2,39.2,0.0,120,0.0
2025-09-30,Tuesday,False,clear,False,False,Chicken Biryani,main,56.2,56.2,0.0,150,0.0
2025-09-30,Tuesday,False,clear,False,False,Veg Salad Bowl,starter,25.3,22.4,3.0,60,178.17
2025-09-30,Tuesday,False,clear,False,False,Fish Curry,main,26.3,25.7,0.6,180,109.43
2025-09-30,Tuesday,False,clear,False,False,Dal Tadka,main,39.8,39.8,0.0,70,0.0
2025-09-30,Tuesday,False,clear,False,False,Butter Naan,bread,93.7,82.1,11.5,20,230.62
2025-09-30,Tuesday,False,clear,False,False,Gulab Jamun,dessert,35.9,35.9,0.0,40,0.0
2025-09-30,Tuesday,False,clear,False,False,Tomato Soup,starter,29.9,28.8,1.2,45,52.46
2025-09-30,Tuesday,False,clear,False,False,Mutton Rogan Josh,main,23.8,22.1,1.8,220,388.47
2025-09-30,Tuesday,False,clear,False,False,Fresh Fruit Custard,dessert,15.6,14.1,1.5,55,82.49
